nan,nan,nan,nan,nan,nan,nan,nan,nan,nan,nan,nan,nan,nan,nan,nan,nan,nan,nan,nan,nan,nan,nan,nan,nan,nan,nan,nan,nan,nan,nan,nan,nan,nan,nan,nan,nan,nan,nan,nan,nan,nan,nan,nan,nan,nan,nan,nan,nan,nan,nan,nan,nan,nan,nan,nan,nan,nan,nan,nan,nan,nan,nan,nan,nan,nan,nan,nan,nan,nan,nan,nan,2.713566541273930710e-01,2.640432250730307406e-01,2.481227654955492357e-01,2.271342306187560112e-01,2.054709409450561353e-01,1.819117166168733590e-01,1.577272053839156862e-01,1.338947948845766733e-01,1.111231847030782899e-01,9.009636669872672643e-02,7.127003441189762312e-02,5.494928466400612888e-02,4.125580948354261313e-02,3.017450743883420133e-02,2.154716333894141425e-02,1.511667495419200674e-02,1.055737776227755505e-02,7.515529897241266487e-03,5.636189433228497130e-03,4.592981901364554496e-03,4.103718828015148756e-03,3.939669507836180036e-03,3.927926839722603938e-03,3.949180582213299325e-03,3.929271792137338168e-03,3.831465534540087585e-03,3.646078127492828006e-03,3.381724981024572356e-03
nan,nan,nan,nan,nan,nan,nan,nan,nan,nan,nan,nan,nan,nan,nan,nan,nan,nan,nan,nan,nan,nan,nan,nan,nan,nan,nan,nan,nan,nan,nan,nan,nan,nan,nan,nan,nan,nan,nan,nan,nan,nan,nan,nan,nan,nan,nan,nan,nan,nan,nan,nan,nan,nan,nan,nan,nan,nan,nan,nan,nan,nan,nan,nan,nan,nan,nan,nan,nan,nan,nan,nan,nan,3.437197555760388434e-01,3.355957293373907913e-01,3.037523405515621944e-01,2.637250768332188300e-01,2.295537176188539863e-01,1.954466714669018945e-01,1.619770007273562129e-01,1.304247815155765156e-01,1.018865160775966477e-01,7.683813474974955648e-02,5.571543558843316396e-02,3.862278909655186832e-02,2.539779132591115166e-02,1.571585077292528276e-02,9.097871198517251679e-03,5.006448883511697111e-03,2.868633382125288650e-03,2.133144667046020862e-03,2.315167129158222665e-03,3.007383403912892474e-03,3.891707098853591871e-03,4.741785888595433443e-03,5.413617001392086875e-03,5.834392216181412058e-03,5.984774986023951721e-03,5.884227320308633470e-03,5.574457090740826855e-03
nan,nan,nan,nan,nan,nan,nan,nan,nan,nan,nan,nan,nan,nan,nan,nan,nan,nan,nan,nan,nan,nan,nan,nan,nan,nan,nan,nan,nan,nan,nan,nan,nan,nan,nan,nan,nan,nan,nan,nan,nan,nan,nan,nan,nan,nan,nan,nan,nan,nan,nan,nan,nan,nan,nan,nan,nan,nan,nan,nan,nan,nan,nan,nan,nan,nan,nan,nan,nan,nan,nan,nan,nan,nan,nan,3.466474879483272264e-01,3.297611918154623734e-01,2.755525235078761792e-01,2.245814234465867421e-01,1.776623394303591119e-01,1.352396084857039049e-01,9.839038531873266213e-02,6.718237411733633813e-02,4.199121667592211476e-02,2.270497513975536924e-02,8.855326417474577647e-03,-1.965092808555074012e-04,-5.224261180250595708e-03,-7.100041777437706737e-03,-6.695691629691614098e-03,-4.792101213420055933e-03,-2.087407123994840762e-03,8.681575149246662090e-04,3.662098731007968049e-03,6.021795028420018001e-03,7.799325478809320498e-03,8.947580431541488424e-03,9.493957501265318233e-03,9.514754756093590782e-03,9.117431799052356026e-03
nan,nan,nan,nan,nan,nan,nan,nan,nan,nan,nan,nan,nan,nan,nan,nan,nan,nan,nan,nan,nan,nan,nan,nan,nan,nan,nan,nan,nan,nan,nan,nan,nan,nan,nan,nan,nan,nan,nan,nan,nan,nan,nan,nan,nan,nan,nan,nan,nan,nan,nan,nan,nan,nan,nan,nan,nan,nan,nan,nan,nan,nan,nan,nan,nan,nan,nan,nan,nan,nan,nan,nan,nan,nan,nan,4.223806843696976121e-01,3.564764607647598060e-01,2.917953056280943036e-01,2.236399726819924549e-01,1.632914564390279821e-01,1.116203519206290795e-01,6.773944820204474970e-02,3.263501354497144735e-02,6.254795293442279649e-03,-1.252364836994020701e-02,-2.406882878013214683e-02,-2.949139213229136011e-02,-3.012879129965087208e-02,-2.718808147621037258e-02,-2.185350847193426663e-02,-1.527080726359125902e-02,-8.322020976995770161e-03,-1.731761898494866463e-03,4.022529150728731961e-03,8.644012596043392990e-03,1.201849328731701902e-02,1.416699206095178853e-02,1.520352472401221081e-02,1.531356429974794521e-02,1.469608963876676590e-02
nan,nan,nan,nan,nan,nan,nan,nan,nan,nan,nan,nan,nan,nan,nan,nan,nan,nan,nan,nan,nan,nan,nan,nan,nan,nan,nan,nan,nan,nan,nan,nan,nan,nan,nan,nan,nan,nan,nan,nan,nan,nan,nan,nan,nan,nan,nan,nan,nan,nan,nan,nan,nan,nan,nan,nan,nan,nan,nan,nan,nan,nan,nan,nan,nan,nan,nan,nan,nan,nan,nan,nan,nan,nan,nan,4.169534760953748087e-01,3.447694125477205884e-01,2.549107351124230703e-01,1.826196205977076992e-01,1.100033641576583510e-01,4.997690062791545346e-02,4.103924696021032589e-03,-3.193442274960651972e-02,-5.639977496592789991e-02,-7.009894376530137472e-02,-7.541917248181381761e-02,-7.342342421322346768e-02,-6.603390587916585508e-02,-5.484377663527503777e-02,-4.171389225629457825e-02,-2.802987086620040147e-02,-1.489881527218413909e-02,-3.200590438475402373e-03,6.580047416671258587e-03,1.416083775338436435e-02,1.951987896689058588e-02,2.280726980076714164e-02,2.428376529173604387e-02,2.429396662614705452e-02,2.319121356733331099e-02
nan,nan,nan,nan,nan,nan,nan,nan,nan,nan,nan,nan,nan,nan,nan,nan,nan,nan,nan,nan,nan,nan,nan,nan,nan,nan,nan,nan,nan,nan,nan,nan,nan,nan,nan,nan,nan,nan,nan,nan,nan,nan,nan,nan,nan,nan,nan,nan,nan,nan,nan,nan,nan,nan,nan,nan,nan,nan,nan,nan,nan,nan,nan,nan,nan,nan,nan,nan,nan,nan,nan,nan,nan,nan,4.417146822294588104e-01,3.591918507839393371e-01,2.692415528434219940e-01,1.738572203538418515e-01,8.626586727976555402e-02,1.317668775281956133e-02,-4.796524297779578699e-02,-9.487238886569664131e-02,-1.271651080042957571e-01,-1.456404490097880366e-01,-1.489880011237273427e-01,-1.421893976126072101e-01,-1.287202222690194964e-01,-1.096466555130284071e-01,-8.683089597037714491e-02,-6.290735775429982801e-02,-3.991446393903187728e-02,-1.880474782791678387e-02,-7.214328405398226811e-04,1.384681946700536126e-02,2.479093918423896925e-02,3.221652815187748403e-02,3.649968433970837006e-02,3.812611238047856205e-02,3.760780690435802653e-02,3.551994367312957812e-02
nan,nan,nan,nan,nan,nan,nan,nan,nan,nan,nan,nan,nan,nan,nan,nan,nan,nan,nan,nan,nan,nan,nan,nan,nan,nan,nan,nan,nan,nan,nan,nan,nan,nan,nan,nan,nan,nan,nan,nan,nan,nan,nan,nan,nan,nan,nan,nan,nan,nan,nan,nan,nan,nan,nan,nan,nan,nan,nan,nan,nan,nan,nan,nan,nan,nan,nan,nan,nan,nan,nan,nan,nan,4.351506977869878390e-01,3.703062651231491809e-01,2.519943002596949921e-01,1.418615358174863117e-01,3.826124057821853053e-02,-5.088338125659125355e-02,-1.209564965960477773e-01,-1.808937750855713900e-01,-2.204614126205881874e-01,-2.418076894504010421e-01,-2.475983020150791802e-01,-2.389066185473940340e-01,-2.182597062663756138e-01,-1.878315185390564412e-01,-1.530833027938253432e-01,-1.163535479439248566e-01,-7.972020326253766165e-02,-4.566487352850225057e-02,-1.562546853875544650e-02,9.442709912997757776e-03,2.893245816283228702e-02,4.309229694189448123e-02,5.225505188923430799e-02,5.696188255164026659e-02,5.808631075924409332e-02,5.635628311021372711e-02,5.257075658057164952e-02
nan,nan,nan,nan,nan,nan,nan,nan,nan,nan,nan,nan,nan,nan,nan,nan,nan,nan,nan,nan,nan,nan,nan,nan,nan,nan,nan,nan,nan,nan,nan,nan,nan,nan,nan,nan,nan,nan,nan,nan,nan,nan,nan,nan,nan,nan,nan,nan,nan,nan,nan,nan,nan,nan,nan,nan,nan,nan,nan,nan,nan,nan,nan,nan,nan,nan,nan,nan,nan,nan,nan,nan,nan,3.719391857869186468e-01,1.767240294803292533e-01,7.958668546148217615e-02,-2.503674867606590568e-02,-1.165521122956615502e-01,-2.075256055592096804e-01,-2.780933943530428110e-01,-3.286986895461263547e-01,-3.583711616567998859e-01,-3.690353211943729339e-01,-3.587059295197791431e-01,-3.298734367062672312e-01,-2.896227554180627606e-01,-2.413087162011399445e-01,-1.878216824728617396e-01,-1.359024928255371800e-01,-8.431393900086088522e-02,-3.860378556946091055e-02,-1.838128531649340129e-04,3.204503277351184592e-02,5.602165133459370561e-02,7.175009003335937330e-02,8.172016728037259647e-02,8.593454782758117028e-02,8.518220389153181860e-02,8.106797287691683285e-02,7.463469858275349755e-02
nan,nan,nan,nan,nan,nan,nan,nan,nan,nan,nan,nan,nan,nan,nan,nan,nan,nan,nan,nan,nan,nan,nan,nan,nan,nan,nan,nan,nan,nan,nan,nan,nan,nan,nan,nan,nan,nan,nan,nan,nan,nan,nan,nan,nan,nan,nan,nan,nan,nan,nan,nan,nan,nan,nan,nan,nan,nan,nan,nan,nan,nan,nan,nan,nan,nan,nan,nan,nan,nan,nan,nan,nan,4.546341813193966602e-02,3.219881778396981725e-02,-8.546547199909551584e-02,-2.135017170862412439e-01,-3.052709936983873384e-01,-3.833906294286670291e-01,-4.336237696719790757e-01,-4.729806717969876617e-01,-4.866925335138026498e-01,-4.790418500602398044e-01,-4.465755335761892320e-01,-3.971740054191607583e-01,-3.345660274364533615e-01,-2.659127610296932454e-01,-1.998704865157923949e-01,-1.363974283655537689e-01,-7.066664524032081895e-02,-1.743487506913326060e-02,3.381221942983896056e-02,6.991937110379256581e-02,9.351784850338064337e-02,1.130868945009960852e-01,1.210170921297235164e-01,1.231460179577200664e-01,1.195963510999532298e-01,1.120033224182993142e-01,1.017473569152788498e-01
nan,nan,nan,nan,nan,nan,nan,nan,nan,nan,nan,nan,nan,nan,nan,nan,nan,nan,nan,nan,nan,nan,nan,nan,nan,nan,nan,nan,nan,nan,nan,nan,nan,nan,nan,nan,nan,nan,nan,nan,nan,nan,nan,nan,nan,nan,nan,nan,nan,nan,nan,nan,nan,nan,nan,nan,nan,nan,nan,nan,nan,nan,nan,nan,nan,nan,nan,nan,nan,nan,nan,8.006009329249395845e-02,4.332724970738542104e-03,-6.965317507385601625e-02,-1.691669105225804826e-01,-2.896431124116531364e-01,-3.712118157700509680e-01,-4.532190321225541552e-01,-5.223888645367676942e-01,-5.636972675395824917e-01,-5.827622982949506314e-01,-5.710678693432958974e-01,-5.433119976710186760e-01,-4.938083093523775724e-01,-4.181634285781875571e-01,-3.461136426018489032e-01,-2.623505636501871074e-01,-1.820593843323245753e-01,-1.293298693066838312e-01,-5.249174436514941061e-02,2.774616271051116856e-02,9.797381538867769302e-02,1.233937621816189600e-01,1.594076213264777331e-01,1.678527228345181588e-01,1.715496390095243018e-01,1.674188385391557898e-01,1.598920624743978280e-01,1.474640922105230345e-01,1.325365163056726192e-01
nan,nan,nan,nan,nan,nan,nan,nan,nan,nan,nan,nan,nan,nan,nan,nan,nan,nan,nan,nan,nan,nan,nan,nan,nan,nan,nan,nan,nan,nan,nan,nan,nan,nan,nan,nan,nan,nan,nan,nan,nan,nan,nan,nan,nan,nan,nan,nan,nan,nan,nan,nan,nan,nan,nan,nan,nan,nan,nan,nan,nan,nan,nan,nan,nan,nan,nan,nan,nan,nan,9.518803570753039608e-03,-3.663242935226660585e-02,-1.352004011582698673e-01,-2.258243882229351573e-01,-3.226894303479039272e-01,-4.052220700778855766e-01,-4.820267768078659310e-01,-5.591888035292975623e-01,-6.031439774711719881e-01,-6.251466945356121130e-01,-6.223242721476570649e-01,-5.985225216639431522e-01,-5.514910543669494514e-01,-4.797398388071583142e-01,-4.396023098361720449e-01,-3.480628737387567173e-01,nan,nan,nan,nan,nan,1.573644139680092646e-01,1.808957533726295031e-01,1.973496002742803623e-01,2.109277922402705563e-01,2.205238226768503340e-01,2.185290119854983726e-01,2.078042223795661114e-01,1.880453551303494231e-01,1.673114779265532370e-01
nan,nan,nan,nan,nan,nan,nan,nan,nan,nan,nan,nan,nan,nan,nan,nan,nan,nan,nan,nan,nan,nan,nan,nan,nan,nan,nan,nan,nan,nan,nan,nan,nan,nan,nan,nan,nan,nan,nan,nan,nan,nan,nan,nan,nan,nan,nan,nan,nan,nan,nan,nan,nan,nan,nan,nan,nan,nan,nan,nan,nan,nan,nan,nan,nan,nan,nan,nan,3.340380201407275318e-02,-9.641743818546426315e-03,-7.953826574857957021e-02,-1.373514431286574633e-01,-2.205894298922034813e-01,-3.129444820250459891e-01,-3.863884406427445239e-01,-4.595347874115650044e-01,-5.281056596334527953e-01,-5.745315101082839604e-01,-6.044846763255324884e-01,-6.085207156567787878e-01,-5.938228748192859729e-01,-5.348664018192289538e-01,-4.847444990457156488e-01,-4.309455707662701029e-01,nan,nan,nan,nan,nan,nan,nan,nan,nan,nan,nan,2.730933734676779245e-01,2.729562821933309014e-01,2.480430901362846163e-01,2.220571803521551868e-01,1.956544549912433428e-01
nan,nan,nan,nan,nan,nan,nan,nan,nan,nan,nan,nan,nan,nan,nan,nan,nan,nan,nan,nan,nan,nan,nan,nan,nan,nan,nan,nan,nan,nan,nan,nan,nan,nan,nan,nan,nan,nan,nan,nan,nan,nan,nan,nan,nan,nan,nan,nan,nan,nan,nan,nan,nan,nan,nan,nan,nan,nan,nan,nan,nan,nan,nan,nan,nan,nan,9.043814278383320582e-02,6.142057610869119944e-02,1.048924349932869697e-02,-5.618050178975820402e-02,-1.055108523223901862e-01,-1.695165159957228718e-01,-2.409851777174401577e-01,-3.075645157577254207e-01,-3.656339753295258510e-01,-4.295934563372629800e-01,-4.702930671559037434e-01,-5.001645259736203775e-01,-5.049239370001935567e-01,-5.126620178171239495e-01,-4.639721499224659929e-01,-4.358690220515937241e-01,-3.841552686243805970e-01,nan,nan,nan,nan,nan,nan,nan,nan,nan,nan,nan,nan,nan,3.056941005473527428e-01,2.851993434784936832e-01,2.498202878295655016e-01,2.170055267833446155e-01
nan,nan,nan,nan,nan,nan,nan,nan,nan,nan,nan,nan,nan,nan,nan,nan,nan,nan,nan,nan,nan,nan,nan,nan,nan,nan,nan,nan,nan,nan,nan,nan,nan,nan,nan,nan,nan,nan,nan,nan,nan,nan,nan,nan,nan,nan,nan,nan,nan,nan,nan,nan,nan,nan,nan,nan,nan,nan,nan,nan,nan,nan,nan,nan,nan,nan,1.199745638658903796e-01,7.605334037389333002e-02,2.139910767053041646e-02,-8.982701226375771481e-03,-6.583936856395054826e-02,-1.215400325281783822e-01,-1.698134365135987311e-01,-2.237096660427921602e-01,-2.688627753493736394e-01,-3.083645211599207459e-01,-3.551567910411967399e-01,-3.729380828014307037e-01,-3.826473733910668029e-01,-3.494489752090575441e-01,-3.300017334895282706e-01,-2.960955609357272533e-01,-2.309259860074180104e-01,nan,nan,nan,nan,nan,nan,nan,nan,nan,4.031759761699321709e-01,3.956305315976009207e-01,3.858388677942193312e-01,3.644083037873655506e-01,3.399744735845947607e-01,2.925699708087095563e-01,2.615667156600968712e-01,2.263396394398927147e-01
nan,nan,nan,nan,nan,nan,nan,nan,nan,nan,nan,nan,nan,nan,nan,nan,nan,nan,nan,nan,nan,nan,nan,nan,nan,nan,nan,nan,nan,nan,nan,nan,nan,nan,nan,nan,nan,nan,nan,nan,nan,nan,nan,nan,nan,nan,nan,nan,nan,nan,nan,nan,nan,nan,nan,nan,nan,nan,nan,nan,nan,nan,nan,nan,nan,nan,1.767427993284350352e-01,1.450170296626140942e-01,1.046248752358470147e-01,6.423832084528276198e-02,2.807384593328833208e-02,-8.506682860248089562e-03,-4.060681935274361443e-02,-7.286122992234783657e-02,-1.022217264213921978e-01,-1.312118573551958878e-01,-1.594420985200520613e-01,-1.605372046528860119e-01,-1.849724383165400055e-01,-2.077357470426441366e-01,-1.829889733796898621e-01,-1.526930657353030019e-01,-8.478445081261465344e-02,-3.762095065844828223e-02,nan,nan,nan,nan,nan,nan,nan,nan,4.047274810633672004e-01,4.013425062529654141e-01,3.819092983880030823e-01,3.504720987887821049e-01,3.333638061773726569e-01,2.952354813831773450e-01,2.584317721696723358e-01,2.231285908496844494e-01
nan,nan,nan,nan,nan,nan,nan,nan,nan,nan,nan,nan,nan,nan,nan,nan,nan,nan,nan,nan,nan,nan,nan,nan,nan,nan,nan,nan,nan,nan,nan,nan,nan,nan,nan,nan,nan,nan,nan,nan,nan,nan,nan,nan,nan,nan,nan,nan,nan,nan,nan,nan,nan,nan,nan,nan,nan,nan,nan,nan,nan,nan,nan,nan,nan,2.876354316011508483e-01,2.579896160215395806e-01,2.165757257838378802e-01,1.883512974671218976e-01,1.656711407614773757e-01,1.340724842690162177e-01,1.077243310899388129e-01,7.807340255044395438e-02,5.253204979782314515e-02,2.518079326819995523e-02,-1.032973760403470840e-03,-2.235687391544394567e-02,-4.331180999158155964e-02,-5.287528052112144827e-02,-5.508427796862573611e-02,-4.924563400310111999e-02,-3.197587645923358896e-02,-2.536498254743671781e-03,3.991642014011689138e-02,7.386198425483152252e-02,1.258641881741930646e-01,nan,nan,2.718853116099791967e-01,nan,3.433627379778292354e-01,3.654384529337032506e-01,3.741646910435360018e-01,3.684948491982078522e-01,3.459525658490647526e-01,3.332498920637411155e-01,3.091186159385182486e-01,2.718108069281593986e-01,2.407085443272861114e-01,2.088061824100234110e-01
nan,nan,nan,nan,nan,nan,nan,nan,nan,nan,nan,nan,nan,nan,nan,nan,nan,nan,nan,nan,nan,nan,nan,nan,nan,nan,nan,nan,nan,nan,nan,nan,nan,nan,nan,nan,nan,nan,nan,nan,nan,nan,nan,nan,nan,nan,nan,nan,nan,nan,nan,nan,nan,nan,nan,nan,nan,nan,nan,nan,nan,nan,nan,nan,nan,3.210820083596157559e-01,3.090992819537241032e-01,2.867252945242621531e-01,2.726261948838917260e-01,2.469454986198547086e-01,2.219346722380438619e-01,1.976748809014295394e-01,1.677993026899952944e-01,1.396198495580933951e-01,1.097240531275276432e-01,7.951413145649946501e-02,5.004111451476617178e-02,2.447636187281073544e-02,3.574658746564078008e-03,-9.589910288635188768e-03,-1.356651024424225353e-02,-7.090485418219333834e-03,9.857865676610988101e-03,3.783019967740443995e-02,7.218547915898183842e-02,1.112117475926805016e-01,1.512204896947539345e-01,1.995910070459490371e-01,2.319448203464898328e-01,2.707403854032506274e-01,2.982445293346461801e-01,3.119836612260339925e-01,3.166364069388499236e-01,3.161843877443927808e-01,3.046992345410396430e-01,2.883882228826135097e-01,2.685345240635034214e-01,2.412466170131964127e-01,2.119549290137491548e-01,1.838657106419447629e-01
nan,nan,nan,nan,nan,nan,nan,nan,nan,nan,nan,nan,nan,nan,nan,nan,nan,nan,nan,nan,nan,nan,nan,nan,nan,nan,nan,nan,nan,nan,nan,nan,nan,nan,nan,nan,nan,nan,nan,nan,nan,nan,nan,nan,nan,nan,nan,nan,nan,nan,nan,nan,nan,nan,nan,nan,nan,nan,nan,nan,nan,nan,nan,nan,nan,nan,nan,3.287721973218741822e-01,3.253923957358229035e-01,2.979983687479991206e-01,2.697144235162131642e-01,2.442098278035471637e-01,2.155380449195787584e-01,1.832668370303407179e-01,1.483627189942657854e-01,1.106793045566269729e-01,7.417714969076005804e-02,4.016305944640757158e-02,1.101591760263805758e-02,-1.093709650417748827e-02,-2.410012912949982891e-02,-2.718328543944341716e-02,-1.986058573606984748e-02,-1.654817058705749947e-03,2.489480416792013914e-02,5.721239754263923033e-02,9.465900911664880402e-02,1.331657006016389588e-01,1.695201799021810729e-01,2.010092619099655142e-01,2.212453462541183469e-01,2.413581383275986425e-01,2.482977440995284002e-01,2.499216269437802285e-01,2.482016240245364103e-01,2.358739925353559863e-01,2.179176298950316060e-01,1.966812755105565302e-01,1.755214739487034603e-01,1.539493453092271313e-01
nan,nan,nan,nan,nan,nan,nan,nan,nan,nan,nan,nan,nan,nan,nan,nan,nan,nan,nan,nan,nan,nan,nan,nan,nan,nan,nan,nan,nan,nan,nan,nan,nan,nan,nan,nan,nan,nan,nan,nan,nan,nan,nan,nan,nan,nan,nan,nan,nan,nan,nan,nan,nan,nan,nan,nan,nan,nan,nan,nan,nan,nan,nan,nan,nan,nan,nan,nan,nan,nan,nan,2.484931858361225654e-01,2.126416378180238376e-01,1.765429113065010713e-01,1.369258940595501628e-01,9.629546723568954691e-02,5.534827198619887006e-02,1.774724834668756773e-02,-1.609822323225579277e-02,-4.267553982478277524e-02,-6.087843974133623492e-02,-6.873286731599013988e-02,-6.669289787974758132e-02,-5.418229129344777351e-02,-3.294811812956015967e-02,-3.854930555944460942e-03,3.003773063698098739e-02,6.388468737809691045e-02,9.381726883052085575e-02,1.257596855065135077e-01,1.510126849326008658e-01,1.723409337475614866e-01,1.853086490988519741e-01,1.912885551290651742e-01,1.900652318497163262e-01,1.844837111405699115e-01,1.706942182172861977e-01,1.556871390964582325e-01,1.386353756886608835e-01,1.219830727230357958e-01
nan,nan,nan,nan,nan,nan,nan,nan,nan,nan,nan,nan,nan,nan,nan,nan,nan,nan,nan,nan,nan,nan,nan,nan,nan,nan,nan,nan,nan,nan,nan,nan,nan,nan,nan,nan,nan,nan,nan,nan,nan,nan,nan,nan,nan,nan,nan,nan,nan,nan,nan,nan,nan,nan,nan,nan,nan,nan,nan,nan,nan,nan,nan,nan,nan,nan,nan,nan,nan,nan,nan,2.001348872061242401e-01,1.716580297831313828e-01,1.345519232106460461e-01,9.648042770239241561e-02,5.578710676171626942e-02,1.559703402170871389e-02,-2.343033721965831831e-02,-5.695467177605828546e-02,-8.385124735812418684e-02,-1.028867672640479403e-01,-1.118930770432286503e-01,-1.104080623709109837e-01,-9.934331885006859875e-02,-8.006468086231052772e-02,-5.395995842670110038e-02,-2.333413614646960219e-02,8.965374914346581001e-03,4.054698425823597546e-02,7.030829941262446703e-02,9.666945837680118725e-02,1.173952137633498399e-01,1.298231208184780494e-01,1.391275229315031281e-01,1.396973116628547618e-01,1.357818387675817362e-01,1.296314836787300639e-01,1.185410242912824930e-01,1.071483134229235246e-01,9.443555531788759561e-02
nan,nan,nan,nan,nan,nan,nan,nan,nan,nan,nan,nan,nan,nan,nan,nan,nan,nan,nan,nan,nan,nan,nan,nan,nan,nan,nan,nan,nan,nan,nan,nan,nan,nan,nan,nan,nan,nan,nan,nan,nan,nan,nan,nan,nan,nan,nan,nan,nan,nan,nan,nan,nan,nan,nan,nan,nan,nan,nan,nan,nan,nan,nan,nan,nan,nan,nan,nan,nan,nan,nan,nan,1.253887612634640714e-01,9.606400681241322737e-02,5.688518026207849132e-02,1.805044415493784610e-02,-2.018061038841771279e-02,-5.662830535140642163e-02,-8.531136460335453364e-02,-1.107560358007699114e-01,-1.261267675873088967e-01,-1.326918568019924694e-01,-1.293263025975840697e-01,-1.164482504349376446e-01,-9.773232596220879365e-02,-7.178164492745035818e-02,-4.309183164132312366e-02,-1.250583574609849362e-02,1.710048349205588181e-02,4.228303061184131295e-02,6.742838949679996752e-02,8.513564931055929430e-02,9.684009202213829381e-02,1.028084864468993276e-01,1.065088981337971724e-01,1.042671519833787142e-01,9.882408400184954089e-02,9.082113531514753035e-02,8.169077488211073934e-02,7.188259271736421874e-02
nan,nan,nan,nan,nan,nan,nan,nan,nan,nan,nan,nan,nan,nan,nan,nan,nan,nan,nan,nan,nan,nan,nan,nan,nan,nan,nan,nan,nan,nan,nan,nan,nan,nan,nan,nan,nan,nan,nan,nan,nan,nan,nan,nan,nan,nan,nan,nan,nan,nan,nan,nan,nan,nan,nan,nan,nan,nan,nan,nan,nan,nan,nan,nan,nan,nan,nan,nan,nan,nan,nan,nan,nan,nan,3.072105443415407838e-02,4.559639982051250963e-03,-2.249632761488835550e-02,-5.711311129855253105e-02,-7.051684140245147170e-02,-8.808671679074329963e-02,-9.406182905516646819e-02,-1.019830638491850544e-01,-8.895974331425443582e-02,-7.773874306741664075e-02,-6.100082638789636191e-02,-3.972474105387623078e-02,-1.917552377986108531e-02,7.013883072339928589e-03,3.238492487012694515e-02,5.285538857691867570e-02,6.594906336599694330e-02,7.751919744439958460e-02,8.564980406212516217e-02,8.887002645558342295e-02,8.827040778071182370e-02,8.509665072257066587e-02,7.813643732835612310e-02,7.054886474481930625e-02,6.269497334140071432e-02,5.409209359274822632e-02
nan,nan,nan,nan,nan,nan,nan,nan,nan,nan,nan,nan,nan,nan,nan,nan,nan,nan,nan,nan,nan,nan,nan,nan,nan,nan,nan,nan,nan,nan,nan,nan,nan,nan,nan,nan,nan,nan,nan,nan,nan,nan,nan,nan,nan,nan,nan,nan,nan,nan,nan,nan,nan,nan,nan,nan,nan,nan,nan,nan,nan,nan,nan,nan,nan,nan,nan,nan,nan,nan,nan,nan,nan,nan,nan,nan,5.256737576264112859e-03,-5.214163159399361723e-03,-1.793450580419447479e-02,-2.357607779718377469e-02,-2.140464917988523300e-02,-1.765485713681845537e-02,-1.215505025637335888e-02,6.595140533376468413e-04,1.424268253283453994e-02,2.500751756274545434e-02,5.197084665002534021e-02,6.283633385367828894e-02,7.585980977597375774e-02,8.386865296839543515e-02,8.966386363380143831e-02,9.194769192548456205e-02,8.994132996703640970e-02,8.557852043030941824e-02,7.920779300783109544e-02,7.165578228153149376e-02,6.379268116011564682e-02,5.467481185054498538e-02,4.672244579578496010e-02,3.861494740423238731e-02
nan,nan,nan,nan,nan,nan,nan,nan,nan,nan,nan,nan,nan,nan,nan,nan,nan,nan,nan,nan,nan,nan,nan,nan,nan,nan,nan,nan,nan,nan,nan,nan,nan,nan,nan,nan,nan,nan,nan,nan,nan,nan,nan,nan,nan,nan,nan,nan,nan,nan,nan,nan,nan,nan,nan,nan,nan,nan,nan,nan,nan,nan,nan,nan,nan,nan,nan,nan,nan,nan,nan,nan,nan,nan,nan,1.114233995527816323e-01,1.054445135052533428e-01,6.947789515327679188e-02,4.988869506999561027e-02,7.866133056490075270e-02,7.074143662501509999e-02,9.090590443537950593e-02,8.811653757503713769e-02,9.661854055034962974e-02,1.050569685082977517e-01,1.143162003348570932e-01,1.176465272225035996e-01,1.209070027268029646e-01,1.175631245408115949e-01,1.116674380466503441e-01,1.077110761658409965e-01,1.000037255949580567e-01,9.096866447973468717e-02,7.913439606430312800e-02,6.829312502633315407e-02,5.693309541072735097e-02,4.552637048079177101e-02,3.575954264295276575e-02,2.665358526545731285e-02,1.901697905682598125e-02
nan,nan,nan,nan,nan,nan,nan,nan,nan,nan,nan,nan,nan,nan,nan,nan,nan,nan,nan,nan,nan,nan,nan,nan,nan,nan,nan,nan,nan,nan,nan,nan,nan,nan,nan,nan,nan,nan,nan,nan,nan,nan,nan,nan,nan,nan,nan,nan,nan,nan,nan,nan,nan,nan,nan,nan,nan,nan,nan,nan,nan,nan,nan,nan,nan,nan,nan,nan,nan,nan,nan,nan,nan,nan,nan,nan,1.380213126650871591e-01,1.635985872318823642e-01,1.574051677007022032e-01,1.666069328679585515e-01,1.706884281853755791e-01,1.588956324119172037e-01,1.685326819531144937e-01,1.764225856031178818e-01,1.710514665102436382e-01,1.654954246635740311e-01,1.609887674854676709e-01,1.522910427566035729e-01,1.390496364137065732e-01,1.234377873463016889e-01,1.072769708212322759e-01,8.684475994667326115e-02,7.164528686409918357e-02,5.516047688530880538e-02,3.493242261750557215e-02,2.228827459990525423e-02,1.231390547215265550e-02,4.201859551508505160e-03,-2.905530001041946395e-03,-9.393305279048098227e-03
nan,nan,nan,nan,nan,nan,nan,nan,nan,nan,nan,nan,nan,nan,nan,nan,nan,nan,nan,nan,nan,nan,nan,nan,nan,nan,nan,nan,nan,nan,nan,nan,nan,nan,nan,nan,nan,nan,nan,nan,nan,nan,nan,nan,nan,nan,nan,nan,nan,nan,nan,nan,nan,nan,nan,nan,nan,nan,nan,nan,nan,nan,nan,nan,nan,nan,nan,nan,nan,nan,nan,nan,nan,nan,nan,nan,nan,1.952070109548872112e-01,2.066143372499212594e-01,2.080411774011159121e-01,2.114712807618030488e-01,2.113043384856393980e-01,2.090091629689429242e-01,2.015217683199642673e-01,1.922665495071672892e-01,1.771624640960458019e-01,1.600081006054040189e-01,1.401411258283929151e-01,1.167734217828542281e-01,8.712952641416939203e-02,6.084793430553634558e-02,3.136558494923531726e-02,1.094904205546842237e-02,-8.085817200368820845e-03,-2.018470507946926520e-02,-2.851074439876920275e-02,-4.003756804625183824e-02,-4.407615786663827279e-02,-4.501468863381597602e-02,-4.501579341988251604e-02
nan,nan,nan,nan,nan,nan,nan,nan,nan,nan,nan,nan,nan,nan,nan,nan,nan,nan,nan,nan,nan,nan,nan,nan,nan,nan,nan,nan,nan,nan,nan,nan,nan,nan,nan,nan,nan,nan,nan,nan,nan,nan,nan,nan,nan,nan,nan,nan,nan,nan,nan,nan,nan,nan,nan,nan,nan,nan,nan,nan,nan,nan,nan,nan,nan,nan,nan,nan,nan,nan,nan,nan,nan,nan,nan,nan,2.155680168666559982e-01,2.142760833536652698e-01,2.130052434165632114e-01,2.140056712178147469e-01,2.093192687158401122e-01,2.015937167486882287e-01,1.903292504317332379e-01,1.718057561854812454e-01,1.458888130508351477e-01,1.254060742807241724e-01,1.005006365334258078e-01,6.506779564754082423e-02,3.382688466285208029e-02,-4.883731200472581774e-03,-3.561111815087317917e-02,-5.365194977801993753e-02,-7.663768049440118635e-02,-9.621235170451201968e-02,-1.043193266244593215e-01,-1.070208179944790033e-01,-1.120976975415141214e-01,-1.127283493894028488e-01,-1.058155131305276442e-01,-9.432955406255062736e-02
nan,nan,nan,nan,nan,nan,nan,nan,nan,nan,nan,nan,nan,nan,nan,nan,nan,nan,nan,nan,nan,nan,nan,nan,nan,nan,nan,nan,nan,nan,nan,nan,nan,nan,nan,nan,nan,nan,nan,nan,nan,nan,nan,nan,nan,nan,nan,nan,nan,nan,nan,nan,nan,nan,nan,nan,nan,nan,nan,nan,nan,nan,nan,nan,nan,nan,nan,nan,nan,nan,nan,nan,nan,2.253237593565661778e-01,2.134867255488776261e-01,2.072007952420550636e-01,2.086551509086711775e-01,1.977982223858797961e-01,1.898307909952271777e-01,1.790911783034541682e-01,1.653562536574505748e-01,1.458347769325231691e-01,1.229946642888463393e-01,8.891456831838819019e-02,6.131826934123740108e-02,2.526642951929514505e-02,-2.252256782800821436e-02,-5.647081572173256320e-02,-9.623903530410166107e-02,-1.292171956173098213e-01,-1.675863853007832360e-01,-1.808397923481826763e-01,-1.917189881650991912e-01,-2.081103277419946440e-01,-2.172849496448685247e-01,-2.149393882276284529e-01,-2.007794835720266846e-01,-1.911848598133456534e-01,-1.715588029136100590e-01,-1.587306966573706069e-01
nan,nan,nan,nan,nan,nan,nan,nan,nan,nan,nan,nan,nan,nan,nan,nan,nan,nan,nan,nan,nan,nan,nan,nan,nan,nan,nan,nan,nan,nan,nan,nan,nan,nan,nan,nan,nan,nan,nan,nan,nan,nan,nan,nan,nan,nan,nan,nan,nan,nan,nan,nan,nan,nan,nan,nan,nan,nan,nan,nan,nan,nan,nan,nan,nan,nan,nan,nan,nan,nan,nan,nan,nan,nan,nan,1.912798688233613154e-01,1.748018298966637907e-01,1.602504652204439495e-01,1.443358814945228941e-01,1.226486489056756862e-01,9.542282820310432623e-02,6.533039006606723709e-02,2.595680910583009204e-02,-9.103041104036367279e-03,-5.989416984328382182e-02,-1.014768739284208632e-01,-1.491556305135684213e-01,-2.094371313040263860e-01,-2.428165901834798968e-01,-2.825847818164453629e-01,-3.117860323000516409e-01,-3.369791088146126823e-01,-3.444888893655533302e-01,-3.355278785984815437e-01,-3.275568095593276996e-01,-3.230544281232398673e-01,-3.020466440629618332e-01,-2.698618331423087158e-01,-2.484808776165214617e-01,-2.047343070892504724e-01
nan,nan,nan,nan,nan,nan,nan,nan,nan,nan,nan,nan,nan,nan,nan,nan,nan,nan,nan,nan,nan,nan,nan,nan,nan,nan,nan,nan,nan,nan,nan,nan,nan,nan,nan,nan,nan,nan,nan,nan,nan,nan,nan,nan,nan,nan,nan,nan,nan,nan,nan,nan,nan,nan,nan,nan,nan,nan,nan,nan,nan,nan,nan,nan,nan,nan,nan,nan,nan,nan,nan,nan,nan,nan,1.946459890565264972e-01,1.772689895330878673e-01,1.527451330935958584e-01,1.331640171710423148e-01,1.038116164222671056e-01,6.864343707876841005e-02,3.078133342377394402e-02,-1.428739463995203074e-02,-6.133519144221499797e-02,-1.191332431203632053e-01,-1.745779491838113096e-01,-2.403810332155882912e-01,-2.978748261948783727e-01,-3.454739975855904421e-01,-3.944059882636739567e-01,-4.206901497425672987e-01,-4.493321612845613822e-01,-4.613016385892832472e-01,-4.646210729952139906e-01,-4.495669815415582193e-01,-4.334666611627276400e-01,-4.183610337037722005e-01,-3.875249340812446097e-01,-3.371247571325699521e-01,-3.163453043239186635e-01,nan
nan,nan,nan,nan,nan,nan,nan,nan,nan,nan,nan,nan,nan,nan,nan,nan,nan,nan,nan,nan,nan,nan,nan,nan,nan,nan,nan,nan,nan,nan,nan,nan,nan,nan,nan,nan,nan,nan,nan,nan,nan,nan,nan,nan,nan,nan,nan,nan,nan,nan,nan,nan,nan,nan,nan,nan,nan,nan,nan,nan,nan,nan,nan,nan,nan,nan,nan,nan,nan,nan,nan,nan,nan,nan,1.969358887794776802e-01,1.756251065022063906e-01,1.500977744790708002e-01,1.172303914549101822e-01,7.759676490458936038e-02,3.559789576919945159e-02,-1.410752086982464994e-02,-7.056439233256027455e-02,-1.309973498941519321e-01,-1.993669502153079809e-01,-2.640896414397813641e-01,-3.369157166142280890e-01,-4.041636343172976820e-01,-4.656428020780901122e-01,-5.091351831157049368e-01,-5.305747330158250286e-01,-5.657568734921188947e-01,-5.792076698204512430e-01,-5.745796310282034192e-01,-5.598312361081790867e-01,-5.339896523942118112e-01,-4.972104570937394552e-01,-4.535395686740891774e-01,nan,nan,nan
nan,nan,nan,nan,nan,nan,nan,nan,nan,nan,nan,nan,nan,nan,nan,nan,nan,nan,nan,nan,nan,nan,nan,nan,nan,nan,nan,nan,nan,nan,nan,nan,nan,nan,nan,nan,nan,nan,nan,nan,nan,nan,nan,nan,nan,nan,nan,nan,nan,nan,nan,nan,nan,nan,nan,nan,nan,nan,nan,nan,nan,nan,nan,nan,nan,nan,nan,nan,nan,nan,nan,nan,nan,nan,nan,1.869185673410203585e-01,1.551707734528905980e-01,1.141641539038261433e-01,7.069145343676325188e-02,1.959137235004802108e-02,-3.871684431736038823e-02,-1.031254148400108095e-01,-1.720693436379744368e-01,-2.442529617479552995e-01,-3.241283132159115121e-01,-3.952867833606811820e-01,-4.585563954971436096e-01,-5.208382268459584852e-01,-5.699204332656436778e-01,-6.086314369669879598e-01,-6.281882068435988842e-01,-6.358635676941517545e-01,-6.337933017038203110e-01,-6.144914149881278709e-01,nan,-5.544119919301536692e-01,nan,nan,nan,nan
nan,nan,nan,nan,nan,nan,nan,nan,nan,nan,nan,nan,nan,nan,nan,nan,nan,nan,nan,nan,nan,nan,nan,nan,nan,nan,nan,nan,nan,nan,nan,nan,nan,nan,nan,nan,nan,nan,nan,nan,nan,nan,nan,nan,nan,nan,nan,nan,nan,nan,nan,nan,nan,nan,nan,nan,nan,nan,nan,nan,nan,nan,nan,nan,nan,nan,nan,nan,nan,nan,nan,nan,nan,nan,2.454047852690981191e-01,2.123005609215955769e-01,1.708671384198475196e-01,1.202065345527777579e-01,7.476535524231468777e-02,1.901649875173668652e-02,-3.921094906131861874e-02,-1.045923328052860979e-01,-1.775195933323018282e-01,-2.526502273225718631e-01,-3.264717955800874316e-01,-4.011102260164787769e-01,-4.729368869108471207e-01,-5.289650859260841553e-01,-5.731322381506939179e-01,-6.177624363934863805e-01,-6.381515052450275061e-01,-6.516805798828460006e-01,nan,nan,nan,nan,nan,nan,nan,nan
nan,nan,nan,nan,nan,nan,nan,nan,nan,nan,nan,nan,nan,nan,nan,nan,nan,nan,nan,nan,nan,nan,nan,nan,nan,nan,nan,nan,nan,nan,nan,nan,nan,nan,nan,nan,nan,nan,nan,nan,nan,nan,nan,nan,nan,nan,nan,nan,nan,nan,nan,nan,nan,nan,nan,nan,nan,nan,nan,nan,nan,nan,nan,nan,nan,nan,nan,nan,nan,nan,nan,nan,nan,nan,2.459551729250089858e-01,nan,1.701376288931041592e-01,1.208565285721349553e-01,8.030358056866038208e-02,3.006142824132683120e-02,-2.474989436525031408e-02,-8.526209734192363721e-02,-1.499410243403217491e-01,-2.224919551712831733e-01,-3.004213910573796387e-01,-3.698889359417207312e-01,-4.315751639083698077e-01,-5.007245552314777415e-01,nan,nan,nan,nan,nan,nan,nan,nan,nan,nan,nan,nan
nan,nan,nan,nan,nan,nan,nan,nan,nan,nan,nan,nan,nan,nan,nan,nan,nan,nan,nan,nan,nan,nan,nan,nan,nan,nan,nan,nan,nan,nan,nan,nan,nan,nan,nan,nan,nan,nan,nan,nan,nan,nan,nan,nan,nan,nan,nan,nan,nan,nan,nan,nan,nan,nan,nan,nan,nan,nan,nan,nan,nan,nan,nan,nan,nan,nan,nan,nan,nan,nan,nan,nan,nan,nan,nan,nan,nan,1.211220173810440420e-01,7.804901227504403016e-02,3.342249532479463908e-02,-1.134359744384540875e-02,-6.441187935582401436e-02,-1.162557170449644711e-01,-1.509930791260847005e-01,nan,nan,nan,nan,nan,nan,nan,nan,nan,nan,nan,nan,nan,nan,nan,nan
nan,nan,nan,nan,nan,nan,nan,nan,nan,nan,nan,nan,nan,nan,nan,nan,nan,nan,nan,nan,nan,nan,nan,nan,nan,nan,nan,nan,nan,nan,nan,nan,nan,nan,nan,nan,nan,nan,nan,nan,nan,nan,nan,nan,nan,nan,nan,nan,nan,nan,nan,nan,nan,nan,nan,nan,nan,nan,nan,nan,nan,nan,nan,nan,nan,nan,nan,nan,nan,nan,nan,nan,nan,nan,nan,nan,nan,nan,nan,nan,nan,nan,nan,nan,nan,nan,nan,nan,nan,nan,nan,nan,nan,nan,nan,nan,nan,nan,nan,nan
nan,nan,nan,nan,nan,nan,nan,nan,nan,nan,nan,nan,nan,nan,nan,nan,nan,nan,nan,nan,nan,nan,nan,nan,nan,nan,nan,nan,nan,nan,nan,nan,nan,nan,nan,nan,nan,nan,nan,nan,nan,nan,nan,nan,nan,nan,nan,nan,nan,nan,nan,nan,nan,nan,nan,nan,nan,nan,nan,nan,nan,nan,nan,nan,nan,nan,nan,nan,nan,nan,nan,nan,nan,nan,nan,nan,nan,nan,nan,nan,nan,nan,nan,nan,nan,nan,nan,nan,nan,nan,nan,nan,nan,nan,nan,nan,nan,nan,nan,nan
nan,nan,nan,nan,nan,nan,nan,nan,nan,nan,nan,nan,nan,nan,nan,nan,nan,nan,nan,nan,nan,nan,nan,nan,nan,nan,nan,nan,nan,nan,nan,nan,nan,nan,nan,nan,nan,nan,nan,nan,nan,nan,nan,nan,nan,nan,nan,nan,nan,nan,nan,nan,nan,nan,nan,nan,nan,nan,nan,nan,nan,nan,nan,nan,nan,nan,nan,nan,nan,nan,nan,nan,nan,nan,nan,nan,nan,nan,nan,nan,nan,nan,nan,nan,nan,nan,nan,nan,nan,nan,nan,nan,nan,nan,nan,nan,nan,nan,nan,nan
nan,nan,nan,nan,nan,nan,nan,nan,nan,nan,nan,nan,nan,nan,nan,nan,nan,nan,nan,nan,nan,nan,nan,nan,nan,nan,nan,nan,nan,nan,nan,nan,nan,nan,nan,nan,nan,nan,nan,nan,nan,nan,nan,nan,nan,nan,nan,nan,nan,nan,nan,nan,nan,nan,nan,nan,nan,nan,nan,nan,nan,nan,nan,nan,nan,nan,nan,nan,nan,nan,nan,nan,nan,nan,nan,nan,nan,nan,nan,nan,nan,nan,nan,nan,nan,nan,nan,nan,nan,nan,nan,nan,nan,nan,nan,nan,nan,nan,nan,nan
nan,nan,nan,nan,nan,nan,nan,nan,nan,nan,nan,nan,nan,nan,nan,nan,nan,nan,nan,nan,nan,nan,nan,nan,nan,nan,nan,nan,nan,nan,nan,nan,nan,nan,nan,nan,nan,nan,nan,nan,nan,nan,nan,nan,nan,nan,nan,nan,nan,nan,nan,nan,nan,nan,nan,nan,nan,nan,nan,nan,nan,nan,nan,nan,nan,nan,nan,nan,nan,nan,nan,nan,nan,nan,nan,nan,nan,nan,nan,nan,nan,nan,nan,nan,nan,nan,nan,nan,nan,nan,nan,nan,nan,nan,nan,nan,nan,nan,nan,nan
nan,nan,nan,nan,nan,nan,nan,nan,nan,nan,nan,nan,nan,nan,nan,nan,nan,nan,nan,nan,nan,nan,nan,nan,nan,nan,nan,nan,nan,nan,nan,nan,nan,nan,nan,nan,nan,nan,nan,nan,nan,nan,nan,nan,nan,nan,nan,nan,nan,nan,nan,nan,nan,nan,nan,nan,nan,nan,nan,nan,nan,nan,nan,nan,nan,nan,nan,nan,nan,nan,nan,nan,nan,nan,nan,nan,nan,nan,nan,nan,nan,nan,nan,nan,nan,nan,nan,nan,nan,nan,nan,nan,nan,nan,nan,nan,nan,nan,nan,nan
nan,nan,nan,nan,nan,nan,nan,nan,nan,nan,nan,nan,nan,nan,nan,nan,nan,nan,nan,nan,nan,nan,nan,nan,nan,nan,nan,nan,nan,nan,nan,nan,nan,nan,nan,nan,nan,nan,nan,nan,nan,nan,nan,nan,nan,nan,nan,nan,nan,nan,nan,nan,nan,nan,nan,nan,nan,nan,nan,nan,nan,nan,nan,nan,nan,nan,nan,nan,nan,nan,nan,nan,nan,nan,nan,nan,nan,nan,nan,nan,nan,nan,nan,nan,nan,nan,nan,nan,nan,nan,nan,nan,nan,nan,nan,nan,nan,nan,nan,nan
nan,nan,nan,nan,nan,nan,nan,nan,nan,nan,nan,nan,nan,nan,nan,nan,nan,nan,nan,nan,nan,nan,nan,nan,nan,nan,nan,nan,nan,nan,nan,nan,nan,nan,nan,nan,nan,nan,nan,nan,nan,nan,nan,nan,nan,nan,nan,nan,nan,nan,nan,nan,nan,nan,nan,nan,nan,nan,nan,nan,nan,nan,nan,nan,nan,nan,nan,nan,nan,nan,nan,nan,nan,nan,nan,nan,nan,nan,nan,nan,nan,nan,nan,nan,nan,nan,nan,nan,nan,nan,nan,nan,nan,nan,nan,nan,nan,nan,nan,nan
nan,nan,nan,nan,nan,nan,nan,nan,nan,nan,nan,nan,nan,nan,nan,nan,nan,nan,nan,nan,nan,nan,nan,nan,nan,nan,nan,nan,nan,nan,nan,nan,nan,nan,nan,nan,nan,nan,nan,nan,nan,nan,nan,nan,nan,nan,nan,nan,nan,nan,nan,nan,nan,nan,nan,nan,nan,nan,nan,nan,nan,nan,nan,nan,nan,nan,nan,nan,nan,nan,nan,nan,nan,nan,nan,nan,nan,nan,nan,nan,nan,nan,nan,nan,nan,nan,nan,nan,nan,nan,nan,nan,nan,nan,nan,nan,nan,nan,nan,nan
nan,nan,nan,nan,nan,nan,nan,nan,nan,nan,nan,nan,nan,nan,nan,nan,nan,nan,nan,nan,nan,nan,nan,nan,nan,nan,nan,nan,nan,nan,nan,nan,nan,nan,nan,nan,nan,nan,nan,nan,nan,nan,nan,nan,nan,nan,nan,nan,nan,nan,nan,nan,nan,nan,nan,nan,nan,nan,nan,nan,nan,nan,nan,nan,nan,nan,nan,nan,nan,nan,nan,nan,nan,nan,nan,nan,nan,nan,nan,nan,nan,nan,nan,nan,nan,nan,nan,nan,nan,nan,nan,nan,nan,nan,nan,nan,nan,nan,nan,nan
nan,nan,nan,nan,nan,nan,nan,nan,nan,nan,nan,nan,nan,nan,nan,nan,nan,nan,nan,nan,nan,nan,nan,nan,nan,nan,nan,nan,nan,nan,nan,nan,nan,nan,nan,nan,nan,nan,nan,nan,nan,nan,nan,nan,nan,nan,nan,nan,nan,nan,nan,nan,nan,nan,nan,nan,nan,nan,nan,nan,nan,nan,nan,nan,nan,nan,nan,nan,nan,nan,nan,nan,nan,nan,nan,nan,nan,nan,nan,nan,nan,nan,nan,nan,nan,nan,nan,nan,nan,nan,nan,nan,nan,nan,nan,nan,nan,nan,nan,nan
nan,nan,nan,nan,nan,nan,nan,nan,nan,nan,nan,nan,nan,nan,nan,nan,nan,nan,nan,nan,nan,nan,nan,nan,nan,nan,nan,nan,nan,nan,nan,nan,nan,nan,nan,nan,nan,nan,nan,nan,nan,nan,nan,nan,nan,nan,nan,nan,nan,nan,nan,nan,nan,nan,nan,nan,nan,nan,nan,nan,nan,nan,nan,nan,nan,nan,nan,nan,nan,nan,nan,nan,nan,nan,nan,nan,nan,nan,nan,nan,nan,nan,nan,nan,nan,nan,nan,nan,nan,nan,nan,nan,nan,nan,nan,nan,nan,nan,nan,nan
nan,nan,nan,nan,nan,nan,nan,nan,nan,nan,nan,nan,nan,nan,nan,nan,nan,nan,nan,nan,nan,nan,nan,nan,nan,nan,nan,nan,nan,nan,nan,nan,nan,nan,nan,nan,nan,nan,nan,nan,nan,nan,nan,nan,nan,nan,nan,nan,nan,nan,nan,nan,nan,nan,nan,nan,nan,nan,nan,nan,nan,nan,nan,nan,nan,nan,nan,nan,nan,nan,nan,nan,nan,nan,nan,nan,nan,nan,nan,nan,nan,nan,nan,nan,nan,nan,nan,nan,nan,nan,nan,nan,nan,nan,nan,nan,nan,nan,nan,nan
nan,nan,nan,nan,nan,nan,nan,nan,nan,nan,nan,nan,nan,nan,nan,nan,nan,nan,nan,nan,nan,nan,nan,nan,nan,nan,nan,nan,nan,nan,nan,nan,nan,nan,nan,nan,nan,nan,nan,nan,nan,nan,nan,nan,nan,nan,nan,nan,nan,nan,nan,nan,nan,nan,nan,nan,nan,nan,nan,nan,nan,nan,nan,nan,nan,nan,nan,nan,nan,nan,nan,nan,nan,nan,nan,nan,nan,nan,nan,nan,nan,nan,nan,nan,nan,nan,nan,nan,nan,nan,nan,nan,nan,nan,nan,nan,nan,nan,nan,nan
nan,nan,nan,nan,nan,nan,nan,nan,nan,nan,nan,nan,nan,nan,nan,nan,nan,nan,nan,nan,nan,nan,nan,nan,nan,nan,nan,nan,nan,nan,nan,nan,nan,nan,nan,nan,nan,nan,nan,nan,nan,nan,nan,nan,nan,nan,nan,nan,nan,nan,nan,nan,nan,nan,nan,nan,nan,nan,nan,nan,nan,nan,nan,nan,nan,nan,nan,nan,nan,nan,nan,nan,nan,nan,nan,nan,nan,nan,nan,nan,nan,nan,nan,nan,nan,nan,nan,nan,nan,nan,nan,nan,nan,nan,nan,nan,nan,nan,nan,nan
nan,nan,nan,nan,nan,nan,nan,nan,nan,nan,nan,nan,nan,nan,nan,nan,nan,nan,nan,nan,nan,nan,nan,nan,nan,nan,nan,nan,nan,nan,nan,nan,nan,nan,nan,nan,nan,nan,nan,nan,nan,nan,nan,nan,nan,nan,nan,nan,nan,nan,nan,nan,nan,nan,nan,nan,nan,nan,nan,nan,nan,nan,nan,nan,nan,nan,nan,nan,nan,nan,nan,nan,nan,nan,nan,nan,nan,nan,nan,nan,nan,nan,nan,nan,nan,nan,nan,nan,nan,nan,nan,nan,nan,nan,nan,nan,nan,nan,nan,nan
nan,nan,nan,nan,nan,nan,nan,nan,nan,nan,nan,nan,nan,nan,nan,nan,nan,nan,nan,nan,nan,nan,nan,nan,nan,nan,nan,nan,nan,nan,nan,nan,nan,nan,nan,nan,nan,nan,nan,nan,nan,nan,nan,nan,nan,nan,nan,nan,nan,nan,nan,nan,nan,nan,nan,nan,nan,nan,nan,nan,nan,nan,nan,nan,nan,nan,nan,nan,nan,nan,nan,nan,nan,nan,nan,nan,nan,nan,nan,nan,nan,nan,nan,nan,nan,nan,nan,nan,nan,nan,nan,nan,nan,nan,nan,nan,nan,nan,nan,nan
nan,nan,nan,nan,nan,nan,nan,nan,nan,nan,nan,nan,nan,nan,nan,nan,nan,nan,nan,nan,nan,nan,nan,nan,nan,nan,nan,nan,nan,nan,nan,nan,nan,nan,nan,nan,nan,nan,nan,nan,nan,nan,nan,nan,nan,nan,nan,nan,nan,nan,nan,nan,nan,nan,nan,nan,nan,nan,nan,nan,nan,nan,nan,nan,nan,nan,nan,nan,nan,nan,nan,nan,nan,nan,nan,nan,nan,nan,nan,nan,nan,nan,nan,nan,nan,nan,nan,nan,nan,nan,nan,nan,nan,nan,nan,nan,nan,nan,nan,nan
2.754863822467316092e-01,1.085593455778343236e-01,1.626117050950176904e-02,-7.506857258464938454e-02,nan,nan,nan,nan,nan,nan,nan,nan,nan,nan,nan,nan,nan,nan,nan,nan,nan,nan,nan,nan,nan,nan,nan,nan,nan,nan,nan,nan,nan,nan,nan,nan,nan,nan,nan,nan,nan,nan,nan,nan,nan,nan,nan,nan,nan,nan,nan,nan,nan,nan,nan,nan,nan,nan,nan,nan,nan,nan,nan,nan,nan,nan,nan,nan,nan,nan,nan,nan,nan,nan,nan,nan,nan,nan,nan,nan,nan,nan,nan,nan,nan,nan,nan,nan,nan,nan,nan,nan,nan,nan,nan,nan,nan,6.577167296288980447e-01,5.447155746503817841e-01,4.468258001062624940e-01
2.585710108447510924e-01,1.135678066053398549e-01,2.823763555156290697e-02,-4.526401143592077153e-02,-1.055094249306844506e-01,-1.346363762925445184e-01,nan,nan,nan,nan,nan,nan,nan,nan,nan,nan,nan,nan,nan,nan,nan,nan,nan,nan,nan,nan,nan,nan,nan,nan,nan,nan,nan,nan,nan,nan,nan,nan,nan,nan,nan,nan,nan,nan,nan,nan,nan,nan,nan,nan,nan,nan,nan,nan,nan,nan,nan,nan,nan,nan,nan,nan,nan,nan,nan,nan,nan,nan,nan,nan,nan,nan,nan,nan,nan,nan,nan,nan,nan,nan,nan,nan,nan,nan,nan,nan,nan,nan,nan,nan,nan,nan,nan,nan,nan,7.836084380983727726e-01,7.163814971022810507e-01,6.214916128183676225e-01,5.186887921059176731e-01,4.136098390853168438e-01
2.992478413477001609e-01,1.599393010665887682e-01,8.123271076116073131e-02,1.550263868759153320e-02,-3.597693511657893556e-02,-7.620551750758582099e-02,nan,nan,nan,nan,nan,nan,nan,nan,nan,nan,nan,nan,nan,nan,nan,nan,nan,nan,nan,nan,nan,nan,nan,nan,nan,nan,nan,nan,nan,nan,nan,nan,nan,nan,nan,nan,nan,nan,nan,nan,nan,nan,nan,nan,nan,nan,nan,nan,nan,nan,nan,nan,nan,nan,nan,nan,nan,nan,nan,nan,nan,nan,nan,nan,nan,nan,nan,nan,nan,nan,nan,nan,nan,nan,nan,nan,nan,nan,nan,nan,nan,nan,nan,nan,nan,nan,nan,nan,nan,8.570765187229277826e-01,7.732415575380980899e-01,6.705596850003423537e-01,5.620088580091131547e-01,4.533521630433312022e-01
3.671576696306067533e-01,2.230435798014616111e-01,1.444286379576492918e-01,8.078551782927018143e-02,3.318764113323359466e-02,3.549492455338769739e-03,1.869071302424973879e-03,nan,nan,nan,nan,nan,nan,nan,nan,nan,nan,nan,nan,nan,nan,nan,nan,nan,nan,nan,nan,nan,nan,nan,nan,nan,nan,nan,nan,nan,nan,nan,nan,nan,nan,nan,nan,nan,nan,nan,nan,nan,nan,nan,nan,nan,nan,nan,nan,nan,nan,nan,nan,nan,nan,nan,nan,nan,nan,nan,nan,nan,nan,nan,nan,nan,nan,nan,nan,nan,nan,nan,nan,nan,nan,nan,nan,nan,nan,nan,nan,nan,nan,nan,nan,nan,nan,nan,1.115674566981882831e+00,9.968410845091226768e-01,8.869522835563657948e-01,7.701176394216805443e-01,6.497311509014339626e-01,5.310391327770488390e-01
4.376439215072862043e-01,2.828682330596873906e-01,2.012251734614257381e-01,1.373750742025969807e-01,9.208772158472132430e-02,6.323293218199307897e-02,5.411724772674212508e-02,nan,nan,nan,nan,nan,nan,nan,nan,nan,nan,nan,nan,nan,nan,nan,nan,nan,nan,nan,nan,nan,nan,nan,nan,nan,nan,nan,nan,nan,nan,nan,nan,nan,nan,nan,nan,nan,nan,nan,nan,nan,nan,nan,nan,nan,nan,nan,nan,nan,nan,nan,nan,nan,nan,nan,nan,nan,nan,nan,nan,nan,nan,nan,nan,nan,nan,nan,nan,nan,nan,nan,nan,nan,nan,nan,nan,nan,nan,nan,nan,nan,nan,nan,nan,nan,nan,1.327214662263845657e+00,1.269751301700267954e+00,1.142354323202366517e+00,1.021530431441383779e+00,8.875575417115781907e-01,7.506405288616321281e-01,6.175363432867168045e-01
4.963343080045728994e-01,3.293236618623739398e-01,2.440529228055614563e-01,1.799797970673897018e-01,1.377066873903995681e-01,1.159987753104061853e-01,nan,nan,nan,nan,nan,nan,nan,nan,nan,nan,nan,nan,nan,nan,nan,nan,nan,nan,nan,nan,nan,nan,nan,nan,nan,nan,nan,nan,nan,nan,nan,nan,nan,nan,nan,nan,nan,nan,nan,nan,nan,nan,nan,nan,nan,nan,nan,nan,nan,nan,nan,nan,nan,nan,nan,nan,nan,nan,nan,nan,nan,nan,nan,nan,nan,nan,nan,nan,nan,nan,nan,nan,nan,nan,nan,nan,nan,nan,nan,nan,nan,nan,nan,nan,nan,nan,nan,nan,nan,1.298470404619817442e+00,1.154677711696769915e+00,9.999811006785955803e-01,8.440565443248376765e-01,6.943904313573695530e-01
5.346106213574434163e-01,3.581873708400933332e-01,2.709819398726829309e-01,2.082413230888081612e-01,1.709943082902518896e-01,nan,nan,nan,nan,nan,nan,nan,nan,nan,nan,nan,nan,nan,nan,nan,nan,nan,nan,nan,nan,nan,nan,nan,nan,nan,nan,nan,nan,nan,nan,nan,nan,nan,nan,nan,nan,nan,nan,nan,nan,nan,nan,nan,nan,nan,nan,nan,nan,nan,nan,nan,nan,nan,nan,nan,nan,nan,nan,nan,nan,nan,nan,nan,nan,nan,nan,nan,nan,nan,nan,nan,nan,nan,nan,nan,nan,nan,nan,nan,nan,nan,nan,nan,nan,nan,nan,nan,nan,nan,nan,nan,1.259116005321982090e+00,1.084124752131217617e+00,9.114052905126731607e-01,7.476333303209221626e-01
5.527211897946687769e-01,3.741547881726156599e-01,2.891247440302321392e-01,2.299937142116132982e-01,1.965741368250959464e-01,nan,nan,nan,nan,nan,nan,nan,nan,nan,nan,nan,nan,nan,nan,nan,nan,nan,nan,nan,nan,nan,nan,nan,nan,nan,nan,nan,nan,nan,nan,nan,nan,nan,nan,nan,nan,nan,nan,nan,nan,nan,nan,nan,nan,nan,nan,nan,nan,nan,nan,nan,nan,nan,nan,nan,nan,nan,nan,nan,nan,nan,nan,nan,nan,nan,nan,nan,nan,nan,nan,nan,nan,nan,nan,nan,nan,nan,nan,nan,nan,nan,nan,nan,nan,nan,nan,nan,nan,nan,nan,nan,1.313895976826340073e+00,1.127938976475788557e+00,9.429483011367478795e-01,7.724512376131801306e-01
5.608996876904263074e-01,3.903963192929105208e-01,3.156456542521845487e-01,nan,nan,nan,nan,nan,nan,nan,nan,nan,nan,nan,nan,nan,nan,nan,nan,nan,nan,nan,nan,nan,nan,nan,nan,nan,nan,nan,nan,nan,nan,nan,nan,nan,nan,nan,nan,nan,nan,nan,nan,nan,nan,nan,nan,nan,nan,nan,nan,nan,nan,nan,nan,nan,nan,nan,nan,nan,nan,nan,nan,nan,nan,nan,nan,nan,nan,nan,nan,nan,nan,nan,nan,nan,nan,nan,nan,nan,nan,nan,nan,nan,nan,nan,nan,nan,nan,nan,nan,nan,nan,nan,nan,nan,nan,nan,9.471391821028876112e-01,7.699057708719926341e-01
nan,nan,nan,nan,nan,nan,nan,nan,nan,nan,nan,nan,nan,nan,nan,nan,nan,nan,nan,nan,nan,nan,nan,nan,nan,nan,nan,nan,nan,nan,nan,nan,nan,nan,nan,nan,nan,nan,nan,nan,nan,nan,nan,nan,nan,nan,nan,nan,nan,nan,nan,nan,nan,nan,nan,nan,nan,nan,nan,nan,nan,nan,nan,nan,nan,nan,nan,nan,nan,nan,nan,nan,nan,nan,nan,nan,nan,nan,nan,nan,nan,nan,nan,nan,nan,nan,nan,nan,nan,nan,nan,nan,nan,nan,nan,nan,nan,nan,nan,nan
nan,nan,nan,nan,nan,nan,nan,nan,nan,nan,nan,nan,nan,nan,nan,nan,nan,nan,nan,nan,nan,nan,nan,nan,nan,nan,nan,nan,nan,nan,nan,nan,nan,nan,nan,nan,nan,nan,nan,nan,nan,nan,nan,nan,nan,nan,nan,nan,nan,nan,nan,nan,nan,nan,nan,nan,nan,nan,nan,nan,nan,nan,nan,nan,nan,nan,nan,nan,nan,nan,nan,nan,nan,nan,nan,nan,nan,nan,nan,nan,nan,nan,nan,nan,nan,nan,nan,nan,nan,nan,nan,nan,nan,nan,nan,nan,nan,nan,nan,nan
nan,nan,nan,nan,nan,nan,nan,nan,nan,nan,nan,nan,nan,nan,nan,nan,nan,nan,nan,nan,nan,nan,nan,nan,nan,nan,nan,nan,nan,nan,nan,nan,nan,nan,nan,8.719385549881376873e-02,nan,-1.530135711658442421e-02,-4.525203230589373848e-02,-7.472765659127517113e-02,-9.428317886999296182e-02,-1.176564833612330080e-01,-1.473424796688933280e-01,-1.723362748085909280e-01,-1.979980752738111083e-01,nan,nan,nan,nan,nan,nan,nan,nan,nan,nan,nan,7.117367866789789887e-05,1.233310568090998662e-04,1.840185193635131733e-04,3.045772014919995662e-04,5.055094705251209422e-04,8.062293405977778412e-04,1.182524626855661247e-03,1.815499869158861135e-03,2.946079317726288307e-03,4.541853155423878838e-03,nan,nan,nan,nan,nan,nan,nan,nan,nan,nan,nan,nan,nan,nan,nan,nan,nan,nan,nan,nan,nan,nan,nan,nan,nan,nan,nan,nan,nan,nan,nan,nan,nan,nan
nan,nan,nan,nan,nan,nan,nan,nan,nan,nan,nan,nan,nan,nan,nan,nan,nan,nan,nan,nan,nan,nan,nan,nan,nan,nan,nan,nan,nan,nan,4.107163245939469687e-01,3.615727082155093530e-01,3.236835628898963590e-01,2.327670919284714479e-01,1.919078480250937802e-01,1.335821278257637579e-01,9.159828075930992464e-02,4.707906277594878924e-02,1.119472492488575097e-02,-2.222382959051061660e-02,-5.562206761446710640e-02,-8.582504365856336026e-02,-1.185879493578038540e-01,-1.516642850539990373e-01,-1.847654872684797167e-01,-2.206108857809578050e-01,-2.519127220429904224e-01,-2.781693809827308628e-01,-3.002923628181571880e-01,-2.975520181889413918e-01,-1.909724702753527736e-01,3.281519459614647567e-06,5.952522351658430526e-06,1.074244736879357557e-05,1.967600169060801057e-05,3.303543422408129076e-05,5.682850330531343376e-05,9.171559505072314456e-05,1.544631433534693690e-04,2.523486700392310253e-04,3.996215379757013823e-04,6.481328234579786110e-04,1.005518161691708367e-03,1.531278935116642606e-03,2.410217306094621526e-03,3.513310461543116183e-03,5.248644884132738601e-03,7.418041487319435891e-03,1.201166796050901799e-02,1.540550491903623295e-02,2.208029004128973100e-02,nan,nan,nan,nan,nan,nan,nan,nan,nan,nan,nan,nan,nan,nan,nan,nan,nan,nan,nan,nan,nan,nan,nan,nan,nan,nan,nan,nan,nan
nan,nan,nan,nan,nan,nan,nan,nan,nan,nan,nan,nan,nan,nan,nan,nan,nan,nan,nan,nan,nan,nan,nan,nan,nan,nan,nan,nan,4.654185399014163504e-01,4.458495570916800599e-01,4.268903859579792903e-01,3.867654342312071281e-01,3.397668456343089782e-01,2.992767481007762576e-01,2.529460217110146569e-01,2.027267048036061892e-01,1.600739390330429279e-01,1.166954145422638006e-01,7.558969077842001005e-02,3.526872181971071191e-02,-3.836018700431825888e-03,-4.332976568913503301e-02,-8.202095818876843636e-02,-1.209935832641848008e-01,-1.587421326252541343e-01,-1.953694928918471019e-01,-2.282988579715159172e-01,-2.570801543214314422e-01,-2.724547084431691024e-01,-2.577191732855948492e-01,-1.504298993608968182e-01,-3.901361982923470112e-02,-7.802313878376964003e-03,-5.530209473829606967e-04,-2.681835867420860869e-04,-6.312445355444824477e-04,-1.791423264019258871e-04,6.331485795449368786e-05,9.545251380434982222e-05,1.873750794386413077e-04,3.022177367236900526e-04,4.795594354542003748e-04,7.539434902628269460e-04,1.156323519727481004e-03,1.778923076119003424e-03,2.658467627688300070e-03,3.998268658975675377e-03,5.847921155345790767e-03,8.180270062103372694e-03,1.231913675952706240e-02,2.061846109485100664e-02,2.562255565318161468e-02,3.271463246991042351e-02,nan,nan,nan,nan,nan,nan,nan,nan,nan,nan,nan,nan,nan,nan,nan,nan,nan,nan,nan,nan,nan,nan,nan,nan,nan,nan,nan
nan,nan,nan,nan,nan,nan,nan,nan,nan,nan,nan,nan,nan,nan,nan,nan,nan,nan,nan,nan,nan,nan,nan,nan,nan,nan,nan,nan,nan,nan,4.050533402054815602e-01,3.907121480741959640e-01,3.661768734260300584e-01,3.359993970598438295e-01,3.019966378012180486e-01,2.639385082417999850e-01,2.235518734071575420e-01,1.806723315490735560e-01,1.367250700488971404e-01,9.193389650105410205e-02,4.642154890488946195e-02,5.496999932330417756e-04,-4.500837433664462567e-02,-8.987737051094618623e-02,-1.335150057673628043e-01,-1.749843635357399840e-01,-2.128325023422679707e-01,-2.455544276726350228e-01,-2.680022413207267529e-01,-2.525927729703046354e-01,-1.557505441695651860e-01,-4.639860552994538867e-02,-6.741065360307519141e-03,-1.420103820825486390e-03,-4.492181740211407940e-04,-1.119170522474344259e-04,-3.341274525379819897e-05,-7.250288756941627193e-06,6.118957522266224038e-05,1.210813442890029755e-04,2.118322022172994246e-04,3.433705371310256525e-04,5.381453745287503171e-04,8.359575168327057753e-04,1.280030702691454863e-03,1.928724980390641866e-03,2.883468224711110972e-03,4.246568668520683300e-03,6.207852302272024066e-03,9.056534854231400658e-03,1.253354661837755360e-02,2.054417879620854329e-02,nan,nan,nan,nan,nan,nan,nan,nan,nan,nan,nan,nan,nan,nan,nan,nan,nan,nan,nan,nan,nan,nan,nan,nan,nan,nan,nan,nan
nan,nan,nan,nan,nan,nan,nan,nan,nan,nan,nan,nan,nan,nan,nan,nan,nan,nan,nan,nan,nan,nan,nan,nan,nan,nan,nan,nan,nan,3.679070060297341960e-01,3.727843114370406608e-01,3.712928602245086362e-01,3.652246665181589913e-01,3.512395147250466088e-01,3.294370448905753479e-01,3.010855167377140540e-01,2.669351771030367693e-01,2.274844042438745884e-01,1.841935117729501525e-01,1.378283873836805840e-01,8.927860691483445466e-02,3.941187983452339172e-02,-1.085808318799369628e-02,-6.071965916341953012e-02,-1.093799768508964265e-01,-1.559231597133914349e-01,-1.992411833362829066e-01,-2.375658197105339764e-01,-2.661606204037026968e-01,-2.630055125811134320e-01,-1.614344487567990760e-01,-4.196933898118920120e-02,-7.608838496957409832e-03,-1.417734007359698492e-03,-3.050553374568975348e-04,-9.547945179903459762e-05,-2.820443890461737542e-05,8.096107040239210995e-06,3.906012479621563378e-05,7.533159886701245895e-05,1.343875730140469370e-04,2.237737951297686409e-04,3.623666478223496715e-04,5.782616048382280575e-04,8.916063787292649373e-04,1.348377320275785489e-03,2.012653847161484291e-03,2.977126364942526363e-03,4.314847707950908093e-03,6.202059637707854622e-03,8.745504407001721686e-03,1.192517906383106646e-02,nan,nan,nan,nan,nan,nan,nan,nan,nan,nan,nan,nan,nan,nan,nan,nan,nan,nan,nan,nan,nan,nan,nan,nan,nan,nan,nan,nan
nan,nan,nan,nan,nan,nan,nan,nan,nan,nan,nan,nan,nan,nan,nan,nan,nan,nan,nan,nan,nan,nan,nan,nan,nan,nan,nan,nan,2.733582074650414140e-01,2.968342287459020401e-01,3.202091460079586893e-01,3.341233728991097052e-01,3.396819884701990921e-01,3.387416128737309462e-01,3.292179631316891064e-01,3.113537171386712710e-01,2.856574017376671271e-01,2.527626532927992331e-01,2.137288469873128705e-01,1.697998651029430373e-01,1.221951658122937129e-01,7.209434363425024084e-02,2.064925541803339093e-02,-3.107809054314902841e-02,-8.214655502978136792e-02,-1.315346502709818233e-01,-1.782105275670710920e-01,-2.204934996479882559e-01,-2.537800080003747016e-01,-2.555237387752359868e-01,-1.598906094912632692e-01,-4.251514714147479335e-02,-7.805883444282256389e-03,-1.507298618580914153e-03,-3.661097309355421147e-04,-1.178886985933597895e-04,-4.383863270492412048e-05,-1.129944632106468407e-05,1.506629960357279883e-05,4.166778770139703525e-05,7.875103754802681346e-05,1.325341469920927754e-04,2.218738014358135279e-04,3.653971100306078871e-04,5.882700966097144813e-04,9.081473010775652135e-04,1.367489398685980875e-03,2.024370700579850805e-03,2.944879029786798968e-03,4.279066115886643804e-03,5.946436699412663458e-03,8.134350078846046272e-03,1.041951381417625423e-02,1.423203195083636019e-02,nan,nan,nan,nan,nan,nan,nan,nan,nan,nan,nan,nan,nan,nan,nan,nan,nan,nan,nan,nan,nan,nan,nan,nan,nan,nan
nan,nan,nan,nan,nan,nan,nan,nan,nan,nan,nan,nan,nan,nan,nan,nan,nan,nan,nan,nan,nan,nan,nan,nan,nan,nan,1.908306822922782864e-01,2.001608701448591432e-01,2.157643471728123430e-01,2.387087611283918720e-01,2.608356884427633915e-01,2.793360997974349558e-01,2.943679650921282587e-01,3.030353836279903179e-01,3.041283521826684821e-01,2.968699035637670791e-01,2.809446338611577554e-01,2.567832222245972074e-01,2.251604017907199162e-01,1.873177947009984357e-01,1.445592060316261973e-01,9.815895241992311782e-02,4.945520437491666976e-02,-3.695681392283813428e-04,-5.016753773595226257e-02,-9.884151316419827193e-02,-1.452032162956187478e-01,-1.875935226734181671e-01,-2.213408167928161974e-01,-2.251662521959775232e-01,-1.437043944619819658e-01,-4.132009250595153338e-02,-8.224366956784575494e-03,-1.747719341191636367e-03,-4.833842377341118074e-04,-1.743116905794975496e-04,-7.668246797637871316e-05,-3.732641699345943734e-05,-1.499511665602287251e-05,4.393735272429131994e-07,2.007421988531826081e-05,4.118993981938227851e-05,4.682685688987419000e-05,1.249838350761060357e-04,3.376977529769035146e-04,5.703434866227748016e-04,8.890913067654017659e-04,1.327358988078976548e-03,1.930444344944148892e-03,2.787259440955895760e-03,3.981273715018957687e-03,5.474090506902914641e-03,7.459423337166004933e-03,9.809912425109678855e-03,1.410770796885307127e-02,nan,nan,nan,nan,nan,nan,nan,nan,nan,nan,nan,nan,nan,nan,nan,nan,nan,nan,nan,nan,nan,nan,nan,nan,nan
nan,nan,nan,nan,nan,nan,nan,nan,nan,nan,nan,nan,nan,nan,nan,nan,nan,nan,nan,nan,nan,nan,nan,nan,nan,1.619061398264089457e-01,1.571959127386183819e-01,1.611625198971008144e-01,1.710641018451489748e-01,1.851385725302482632e-01,2.037570410281060729e-01,2.209072931462079670e-01,2.380898394679778485e-01,2.521761988626197715e-01,2.606909667982236223e-01,2.624246041962233766e-01,2.561554218119134751e-01,2.417308660513685925e-01,2.191882377656605430e-01,1.897677822570037753e-01,1.545144579531068096e-01,1.146723302023372748e-01,7.164102477147708814e-02,2.681404603092504835e-02,-1.848859960763916954e-02,-6.298190335730156908e-02,-1.052966718144161956e-01,-1.435612912209752734e-01,-1.730282999772235208e-01,-1.758201910400203904e-01,-1.153656065129004260e-01,-3.839816091773131518e-02,-9.094587138112340471e-03,-2.225264862714051040e-03,-6.704860392610590076e-04,-2.545471344476047293e-04,-1.214131590911944261e-04,-6.841863148711053565e-05,-4.731161234064995525e-05,-4.227092492611938466e-05,-4.771602114446801433e-05,-7.042187740130800280e-05,-2.086552328684460706e-04,-2.589090636932561110e-04,1.834767293766880375e-05,3.160936598157678161e-04,5.646395430058515725e-04,8.397888247817316852e-04,1.224496704855744132e-03,1.776738044173771557e-03,2.544236443134518730e-03,3.520074128942389524e-03,4.922007605246470074e-03,6.738843498656560925e-03,8.485145419277216605e-03,9.813866225050989212e-03,nan,nan,nan,nan,nan,nan,nan,nan,nan,nan,nan,nan,nan,nan,nan,nan,nan,nan,nan,nan,nan,nan,nan,nan
nan,nan,nan,nan,nan,nan,nan,nan,nan,nan,nan,nan,nan,nan,nan,nan,nan,nan,nan,nan,nan,nan,nan,2.332144008037326799e-01,1.947983027866917738e-01,1.728924280201155628e-01,1.569494156080734892e-01,1.471710036982574188e-01,1.441276496896431447e-01,1.470757849311085108e-01,1.555739701584665236e-01,1.676344426568102675e-01,1.813217566581639684e-01,1.952422289317901627e-01,2.067442831574532180e-01,2.140245908138397879e-01,2.151663719149196907e-01,2.091049482737532828e-01,1.951597914510774801e-01,1.741432486448384054e-01,1.469099911968913819e-01,1.144708586093621250e-01,7.828984772227896849e-02,3.994651181836241655e-02,9.797257647324879217e-04,-3.708307600358582562e-02,-7.268386066153566250e-02,-1.037452686436729360e-01,-1.256979540285450558e-01,-1.253501261573253811e-01,-8.457993349305843733e-02,-3.323278710815215364e-02,-9.595636105293042784e-03,-2.733173145449214504e-03,-8.882619702412064945e-04,-3.435524778165923972e-04,-1.614117602362859824e-04,-9.179692452239882300e-05,-6.562120639128603402e-05,-6.470094009111910030e-05,-9.556161225305899020e-05,-1.792749640562025625e-04,-4.500324038352817874e-04,-6.133466963282231286e-04,-1.913580801249982770e-04,1.689980658460251220e-04,3.449998634028975933e-04,5.115655385624361421e-04,7.494823854176071087e-04,1.086968763870886472e-03,1.548915753451410521e-03,2.208010309004118134e-03,3.047773214205740534e-03,4.210469613749733865e-03,5.628284703320255225e-03,8.150610946553922889e-03,9.858238048439096554e-03,1.340042950906919668e-02,nan,nan,nan,nan,nan,nan,nan,nan,nan,nan,nan,nan,nan,nan,nan,nan,nan,nan,nan,nan,nan,nan
nan,nan,nan,nan,nan,nan,nan,nan,nan,nan,nan,nan,nan,nan,nan,nan,nan,nan,nan,nan,nan,nan,3.272970062259058510e-01,2.644274964585943688e-01,2.325178955308541684e-01,2.004821288362076404e-01,1.735915878240112953e-01,1.533679587961815916e-01,1.373089813530407599e-01,1.276387234393728531e-01,1.242080375853971269e-01,1.261267489068396974e-01,1.325904880749596559e-01,1.413642996480598546e-01,1.509078331469100587e-01,1.585215334643382268e-01,1.623130436934297760e-01,1.604518459348478754e-01,1.517070555026450440e-01,1.362631555361581981e-01,1.146923852089734852e-01,8.797902935699167259e-02,5.760074336611700763e-02,2.533738288590865750e-02,-7.084738734481549512e-03,-3.791458263405582396e-02,-6.542200504932996208e-02,-8.742548099695771069e-02,-9.972354754556211898e-02,-9.374349784380740791e-02,-6.331017255482546124e-02,-2.820750648827004617e-02,-9.570821229360853416e-03,-3.041489030831314149e-03,-1.029267564472160362e-03,-3.766378726960644806e-04,-1.498395992968561184e-04,-6.467061503533826691e-05,-3.917889739508465099e-05,-5.386592013056799101e-05,-1.184621205419935741e-04,-2.388329489252581878e-04,-5.120338091253562969e-04,-4.375039802540579403e-04,-6.175597427736217711e-05,1.187382655748241904e-04,2.004937568313701368e-04,2.978836188160117592e-04,4.399082164564965835e-04,6.410097472548870927e-04,9.197628371342991306e-04,1.317599515803395249e-03,1.849439764802426498e-03,2.558734580433880221e-03,3.519570592680950401e-03,4.733026667670990097e-03,6.506681745522623940e-03,8.595983213455598432e-03,9.885643865709609415e-03,nan,nan,nan,nan,nan,nan,nan,nan,nan,nan,nan,nan,nan,nan,nan,nan,nan,nan,nan,nan,nan
nan,nan,nan,nan,nan,nan,nan,nan,nan,nan,nan,nan,nan,nan,nan,nan,nan,nan,nan,nan,nan,3.779392633629155007e-01,3.490844536589248759e-01,3.124831998439240865e-01,2.742046004347068466e-01,2.387389709926705794e-01,2.037031919005276026e-01,1.732927807062476233e-01,1.463901858024274361e-01,1.250390722483268324e-01,1.097636271341460995e-01,1.006547026209219792e-01,9.713353737034234603e-02,9.776445753864511368e-02,1.005892278336219664e-01,1.031863774267729600e-01,1.035230296911711367e-01,9.972896377420924219e-02,9.052866442402178471e-02,7.554731939985093181e-02,5.524856795495548811e-02,3.064854408550228559e-02,3.447772931338219209e-03,-2.448808667590231247e-02,-5.124232334119983162e-02,-7.496144849842523161e-02,-9.376535969909939594e-02,-1.053821296677660557e-01,-1.061202483626930010e-01,-9.058176741026775780e-02,-5.940022305397641561e-02,-2.837462416884904692e-02,-1.068970211593842957e-02,-3.656286263946692972e-03,-1.224376603236973070e-03,-4.020148498440322951e-04,-1.383460454279545498e-04,-5.839614298591279086e-05,-5.389315696312223529e-05,-9.070392250024617042e-05,-1.555272465132675390e-04,-2.206988009459193091e-04,-2.616473455345798955e-04,-8.825214820431114980e-05,2.459423854222624354e-05,7.061198419004150850e-05,1.127410370998698310e-04,1.683982057737072060e-04,2.489069538521211677e-04,3.643167817656964486e-04,5.284181589022315505e-04,7.556107252813183857e-04,1.073901686429228281e-03,1.509061025340157399e-03,2.089500951822842543e-03,2.806692245638028101e-03,3.901490349010350214e-03,5.039559226801985925e-03,6.369857593653483613e-03,7.002233232139744995e-03,nan,nan,nan,nan,nan,nan,nan,nan,nan,nan,nan,nan,nan,nan,nan,nan,nan,nan,nan,nan
nan,nan,nan,nan,nan,nan,nan,nan,nan,nan,nan,nan,nan,nan,nan,nan,nan,nan,nan,nan,4.270852581725333441e-01,4.076317290363570822e-01,3.742295696972447461e-01,3.429758755113259117e-01,3.085112831033359759e-01,2.730203543438389779e-01,2.369139633286257152e-01,2.003832356232206902e-01,1.661720547982766527e-01,1.353242212468039329e-01,1.096809762688921858e-01,8.989787318548198014e-02,7.563607476283505660e-02,6.582548425317043261e-02,5.874376070972036484e-02,5.239935211155284656e-02,4.470411737720282608e-02,3.390199873475794462e-02,1.900898536399139166e-02,-1.555408981706359473e-04,-2.304263040815395999e-02,-4.850121112060695044e-02,-7.473760460007597417e-02,-9.964041546841433117e-02,-1.212679382020799418e-01,-1.376715426254483399e-01,-1.471314230447725857e-01,-1.473003762869402600e-01,-1.353244376358268553e-01,-1.077219593418971139e-01,-6.890660850349430988e-02,-3.410552707845962428e-02,-1.380299157100893515e-02,-5.134983364118146307e-03,-1.871045821749492237e-03,-7.226185386392500231e-04,-3.269379043023329032e-04,-1.973707596644441319e-04,-1.502152584340955322e-04,-1.202780503765268460e-04,-1.157868599548108989e-04,-7.847285519995444883e-05,-3.762630592537072457e-05,8.882705839578490677e-06,2.620236652207792740e-05,4.062850668082645044e-05,6.162802054920575622e-05,9.263287013081255303e-05,1.377990044125752855e-04,2.028856440228533095e-04,2.957016218306176983e-04,4.264949350339451543e-04,6.089861906089892585e-04,8.607188582598779975e-04,1.212925631379703191e-03,1.692770599282967343e-03,2.304252409542479913e-03,3.253557461496895623e-03,4.357413586654930449e-03,5.283824965555873436e-03,6.135832174065073905e-03,nan,nan,nan,nan,nan,nan,nan,nan,nan,nan,nan,nan,nan,nan,nan,nan,nan,nan,nan
nan,nan,nan,nan,nan,nan,nan,nan,nan,nan,nan,nan,nan,nan,nan,nan,nan,nan,nan,4.457937224879677252e-01,4.315818827886293008e-01,4.137690960716918220e-01,3.928809795594047638e-01,3.670716343363172318e-01,3.377756362458643191e-01,3.036150695636158914e-01,2.665042671324101553e-01,2.272876278429649677e-01,1.882612214263351957e-01,1.511499711062090634e-01,1.175337663802127480e-01,8.852389746736438747e-02,6.405493610338162946e-02,4.353469492782370553e-02,2.562752834927697204e-02,8.632881995698433661e-03,-9.006621512483369354e-03,-2.858335045610352690e-02,-5.068827343276802178e-02,-7.525605463391278616e-02,-1.013064162704682691e-01,-1.274797354057195797e-01,-1.515011754075165085e-01,-1.716400869313708666e-01,-1.859326979667934865e-01,-1.930416814257241431e-01,-1.912705657907864676e-01,-1.785447518511591725e-01,-1.542450736879251716e-01,-1.164580489549841835e-01,-7.243983946253468309e-02,-3.629074023719490449e-02,-1.516783194610505162e-02,-6.045331246988855725e-03,-2.267807405084294823e-03,-9.791493958001223994e-04,-4.942942760733840370e-04,-2.682806398572652349e-04,-1.352497810123664255e-04,-6.117833776845108299e-05,-3.116203921824666249e-05,-7.999408283464868298e-06,2.714816892590627718e-06,9.100310408146324508e-06,1.415876580093627750e-05,2.180717956607410688e-05,3.329357305176186695e-05,5.033834038088832920e-05,7.544779051230818517e-05,1.120918340234517904e-04,1.649669717358017210e-04,2.408504708572109683e-04,3.489535080245157296e-04,5.006452179533639902e-04,7.106747033462570019e-04,1.004993404689834193e-03,1.409171438633110163e-03,1.931624337488752497e-03,2.743676197461080921e-03,3.857820897692144230e-03,5.007029286017154919e-03,5.440281963608288585e-03,nan,nan,nan,nan,nan,nan,nan,nan,nan,nan,nan,nan,nan,nan,nan,nan,nan,nan
nan,nan,nan,nan,nan,nan,nan,nan,nan,nan,nan,nan,nan,nan,nan,nan,nan,nan,nan,nan,4.280375831557377553e-01,4.200292084920312363e-01,4.049647889749781737e-01,3.851874422808023724e-01,3.593474289858554771e-01,3.273566596528572625e-01,2.904652163842987855e-01,2.501203227692919695e-01,2.079068684575643144e-01,1.661358985752101614e-01,1.264092348656000175e-01,8.970307745153707768e-02,5.646667471508158564e-02,2.639810971336899528e-02,-1.337866331726489649e-03,-2.778226910943549371e-02,-5.389005323598264341e-02,-8.032601943876609141e-02,-1.070796267861992696e-01,-1.334748631947849928e-01,-1.581293319148175114e-01,-1.793826587287891128e-01,-1.953235497607874738e-01,-2.041706900775496214e-01,-2.044091042362378152e-01,-1.949605089032283578e-01,-1.762630377971361739e-01,-1.481745535795145063e-01,-1.124528276264160770e-01,-7.464259844198281590e-02,-3.908862808915763293e-02,-1.684300861926116277e-02,-6.363207794062405304e-03,-2.598532497147031193e-03,-1.191231374078148293e-03,-6.976364174061359816e-04,-4.014610572051112913e-04,-2.084603588352382903e-04,-1.120179795314922490e-04,-4.433623733091756334e-05,-1.111722293617154982e-05,-1.889668992918282873e-06,3.025365450261797241e-06,4.796273853220868130e-06,7.525018443135882762e-06,1.168444670843578058e-05,1.798850111377892549e-05,2.744836568531994171e-05,4.154258097089462556e-05,6.238029622149483865e-05,9.297688246554537933e-05,1.374894034613100675e-04,2.019695254406603864e-04,2.946544901155834142e-04,4.264775632791836346e-04,6.155775459749814440e-04,8.779720289492113847e-04,1.240531907569306178e-03,1.695168709793903926e-03,2.380983428324017024e-03,3.216577314946834649e-03,nan,nan,nan,nan,nan,nan,nan,nan,nan,nan,nan,nan,nan,nan,nan,nan,nan,nan,nan
nan,nan,nan,nan,nan,nan,nan,nan,nan,nan,nan,nan,nan,nan,nan,nan,nan,nan,nan,nan,4.299338779084271311e-01,4.239362312058437277e-01,4.163506722285675310e-01,4.007774718583318463e-01,3.771203340840009743e-01,3.459246255860774499e-01,3.086313391024929076e-01,2.666503983065958705e-01,2.219147796747565626e-01,1.762317285813982948e-01,1.312737171343984210e-01,8.825232589522960525e-02,4.778973645033204182e-02,1.003974721477319913e-02,-2.515624016484412431e-02,-5.806949475396211424e-02,-8.888732813179649195e-02,-1.173491432315187238e-01,-1.427584536706794360e-01,-1.637279942200094429e-01,-1.785454166417333177e-01,-1.852896971576262486e-01,-1.823346708367544478e-01,-1.683154599762109460e-01,-1.432641699871700092e-01,-1.079816709360349458e-01,-6.394197573942489443e-02,-1.847744203419053252e-02,2.261715170395533006e-02,4.733364318544928950e-02,5.330629166884291031e-02,4.176831514249033928e-02,2.612488248239618407e-02,1.576372308078351214e-02,6.418633873654507223e-03,1.764746471878072404e-03,3.684223329446638406e-04,-1.050510153983482571e-05,-7.231990618308046083e-05,-6.997457768127474174e-05,-1.068086446895760034e-05,8.031052564667592983e-07,1.577810803813257369e-06,2.531598980150951585e-06,4.016034097126980915e-06,6.308571633442135903e-06,9.814972331875013568e-06,1.514688072320029220e-05,2.318714320778439658e-05,3.521928715778095502e-05,5.317361251285331785e-05,7.971433889640509580e-05,1.187586443607812481e-04,1.756150608249740230e-04,2.582847600417311124e-04,3.763746182014860537e-04,5.442233988022283659e-04,8.000485932731106866e-04,1.142801524208528728e-03,1.656955573693759485e-03,2.199122684907602390e-03,nan,nan,nan,nan,nan,nan,nan,nan,nan,nan,nan,nan,nan,nan,nan,nan,nan,nan,nan
nan,nan,nan,nan,nan,nan,nan,nan,nan,nan,nan,nan,nan,nan,nan,nan,nan,nan,nan,nan,nan,4.325803327440127521e-01,4.257469260031942482e-01,4.118073631750869268e-01,3.886116103675669731e-01,3.574711442407310091e-01,3.197135819865974393e-01,2.760332058094493446e-01,2.287398306468777232e-01,1.793726963709540156e-01,1.298553466098526787e-01,8.141072177249845943e-02,3.513975382851814572e-02,-8.308473957641452495e-03,-4.827952424099522799e-02,-8.420013436584788957e-02,-1.151822114200573011e-01,-1.401355130294746343e-01,-1.572616377798418952e-01,-1.646330647268579861e-01,-1.601206088080048828e-01,-1.420916999098486844e-01,-1.086590626147714012e-01,-6.184636862610343871e-02,-1.157194874072889432e-03,6.712989798124482932e-02,1.365848095562123554e-01,1.945575660895792758e-01,2.399745463551406499e-01,2.417410919713141315e-01,2.020408778003902339e-01,1.430977107040498075e-01,8.913075393139467673e-02,4.866830388408000668e-02,2.192035480894818922e-02,7.859813090869234228e-03,3.081741213482108981e-03,1.022582857834328056e-03,2.002882988617406029e-04,-1.075376774705717754e-05,-1.031651092844836426e-06,4.984415893751012901e-07,8.203096356235338983e-07,1.334110860413776517e-06,2.149753519733059367e-06,3.420357709506798564e-06,5.393330043381047431e-06,8.428797721890998379e-06,1.306545999299991246e-05,2.010200196609081180e-05,3.074327915104600186e-05,4.671256724166335201e-05,7.063606157323342935e-05,1.059631818542981557e-04,1.585071599706578739e-04,2.356057061382626952e-04,3.476949414557029558e-04,5.166679054439774496e-04,7.914399112896663502e-04,1.181276097480398954e-03,nan,nan,nan,nan,nan,nan,nan,nan,nan,nan,nan,nan,nan,nan,nan,nan,nan,nan,nan,nan
nan,nan,nan,nan,nan,nan,nan,nan,nan,nan,nan,nan,nan,nan,nan,nan,nan,nan,nan,nan,nan,nan,4.296197746948896556e-01,4.180315208190681919e-01,3.939986737296478081e-01,3.624656055867617188e-01,3.222004010674561769e-01,2.772667904377388304e-01,2.272476005560878365e-01,1.746947971836628755e-01,1.210729921012533988e-01,6.820043037687324727e-02,1.742419923370641666e-02,-2.992467310659994995e-02,-7.214639719252730066e-02,-1.077055333832142303e-01,-1.348146238875592151e-01,-1.510221846100252840e-01,-1.540302048954420022e-01,-1.411995942849917363e-01,-1.102245273960929528e-01,-5.965767241079655836e-02,9.610448627327721621e-03,9.873057298004511706e-02,1.970126969700878028e-01,2.990135971727125308e-01,4.087896092265054238e-01,4.789412767484075850e-01,5.187623350633517871e-01,4.957543275235947178e-01,3.911598907783656598e-01,2.613478280720276103e-01,1.735788763244666411e-01,8.754325622805698981e-02,4.099761539013307282e-02,2.475897772830940036e-02,1.165302806130076065e-02,2.862001995484562272e-03,9.754866587870814369e-04,1.425065675344611388e-04,2.271445091987142528e-05,2.526756500435607404e-07,4.228608239277679822e-07,6.986593688940449378e-07,1.139404780581954860e-06,1.845081573386839196e-06,2.950959239685088130e-06,4.680063119655650967e-06,7.366428063794615314e-06,1.149580065548680641e-05,1.783529528885904642e-05,2.752381572505217976e-05,4.224311072150036342e-05,6.466418153257604288e-05,9.764849534929444415e-05,1.511145852705247157e-04,2.237651532806895290e-04,3.511003247731836301e-04,4.798266802766118261e-04,nan,nan,nan,nan,nan,nan,nan,nan,nan,nan,nan,nan,nan,nan,nan,nan,nan,nan,nan,nan,nan
nan,nan,nan,nan,nan,nan,nan,nan,nan,nan,nan,nan,nan,nan,nan,nan,nan,nan,nan,nan,nan,nan,nan,nan,3.829523807130744695e-01,3.526112571492699965e-01,3.141263923839676675e-01,2.694673516552787973e-01,2.173638813452125895e-01,1.621005242617457043e-01,1.052994078856657467e-01,4.907614930825692640e-02,-4.517158548999474638e-03,-5.388334723712655261e-02,-9.635306645748753507e-02,-1.289597566881964530e-01,-1.489843532343869958e-01,-1.530862361847455388e-01,-1.385897421252691442e-01,-1.015738662560994876e-01,-3.969222645159500851e-02,4.702561448905166752e-02,1.492958399748808562e-01,2.801723781716800032e-01,4.071008585387646539e-01,5.498960195509705606e-01,6.946802371372249318e-01,7.148786134752109778e-01,7.122234990827046586e-01,6.939619580926108533e-01,5.759037452680721980e-01,4.761788342153806530e-01,3.477237425814402871e-01,1.754834570078828704e-01,6.395000598879541087e-02,2.922726837367266295e-02,3.257746034488617076e-02,5.433529862294437553e-03,3.341604091880307479e-04,4.150249129931871694e-08,7.229953904078958710e-08,1.263901036030934260e-07,2.151855599846552279e-07,3.606280989970915603e-07,5.962294335379883646e-07,9.831959319322505228e-07,1.600242904497505159e-06,2.594389116676610768e-06,4.155285540685195770e-06,6.593282452978041333e-06,1.039774434430406568e-05,1.634645606000008678e-05,2.528903797757278194e-05,3.925644244540882008e-05,5.966395884256432171e-05,8.671074200380661143e-05,1.245033405965339515e-04,nan,nan,nan,nan,nan,nan,nan,nan,nan,nan,nan,nan,nan,nan,nan,nan,nan,nan,nan,nan,nan,nan,nan
nan,nan,nan,nan,nan,nan,nan,nan,nan,nan,nan,nan,nan,nan,nan,nan,nan,nan,nan,nan,nan,nan,nan,nan,3.569453526930326248e-01,3.350796178816349280e-01,2.974398965145919616e-01,2.503344069125861826e-01,2.010803200184833051e-01,1.427219077810621128e-01,8.515273321174350596e-02,2.577077291024975833e-02,-2.736703846109351385e-02,-7.829275111438276091e-02,-1.198979465071674105e-01,-1.468691535882134247e-01,-1.585574064391646054e-01,-1.490603504298919635e-01,-1.150994254180898319e-01,-5.167226069759325163e-02,2.522292629185093546e-02,1.287065729176212758e-01,3.100541928100410405e-01,4.584529756185926619e-01,5.650142813182267298e-01,6.160329569307786413e-01,9.584799454441877975e-01,1.119970031208632255e+00,1.224574214770446368e+00,1.368658806097216241e+00,6.187342710715997285e-01,2.658526613507504743e-01,4.989417040431238376e-02,4.871404313884764026e-02,1.148147694069837035e-09,3.201951984979935495e-01,8.335528893835607300e-02,6.190925413209046222e-09,nan,2.237265018145738228e-08,3.694743454508816707e-08,5.776856660805438682e-08,1.102355834385487058e-07,1.800186587342613057e-07,3.052409988859042614e-07,5.267862155648116827e-07,8.670917121073148729e-07,1.451904376999529599e-06,2.417781325420370465e-06,3.764162855955060920e-06,6.127872905594591389e-06,9.496376579997782891e-06,1.545557844737249390e-05,2.375956062057187789e-05,3.851377930197792476e-05,5.725716919042249311e-05,7.233453075759134899e-05,nan,nan,nan,nan,nan,nan,nan,nan,nan,nan,nan,nan,nan,nan,nan,nan,nan,nan,nan,nan,nan,nan,nan
nan,nan,nan,nan,nan,nan,nan,nan,nan,nan,nan,nan,nan,nan,nan,nan,nan,nan,nan,nan,nan,nan,nan,nan,nan,nan,2.565292577322142997e-01,2.235121178238411443e-01,1.851217729366244902e-01,1.263308299761162490e-01,6.326652363472760887e-02,1.178426572778020105e-03,-4.699921208039286452e-02,-8.323365672387694758e-02,-1.303982508286381792e-01,-1.634657960377779440e-01,-1.636801317938970102e-01,nan,nan,nan,nan,nan,nan,nan,nan,nan,nan,nan,nan,nan,nan,nan,nan,nan,nan,nan,nan,nan,nan,nan,nan,nan,nan,nan,1.746453037789251460e-07,nan,nan,9.749038886435342312e-07,1.378449237965475467e-06,2.051470577639718313e-06,3.775482211904174693e-06,6.496192071658325322e-06,1.019493730713518764e-05,1.438073834340657929e-05,2.075806124995569274e-05,nan,nan,nan,nan,nan,nan,nan,nan,nan,nan,nan,nan,nan,nan,nan,nan,nan,nan,nan,nan,nan,nan,nan,nan,nan
nan,nan,nan,nan,nan,nan,nan,nan,nan,nan,nan,nan,nan,nan,nan,nan,nan,nan,nan,nan,nan,nan,nan,nan,nan,nan,nan,nan,nan,nan,nan,nan,nan,nan,nan,nan,nan,nan,nan,nan,nan,nan,nan,nan,nan,nan,nan,nan,nan,nan,nan,nan,nan,nan,nan,nan,nan,nan,nan,nan,nan,nan,nan,nan,nan,nan,nan,nan,nan,nan,nan,nan,nan,nan,nan,nan,nan,nan,nan,nan,nan,nan,nan,nan,nan,nan,nan,nan,nan,nan,nan,nan,nan,nan,nan,nan,nan,nan,nan,nan
nan,nan,nan,nan,nan,nan,nan,nan,nan,nan,nan,nan,nan,nan,nan,nan,nan,nan,nan,nan,nan,nan,nan,nan,nan,nan,nan,nan,nan,nan,nan,nan,nan,nan,nan,nan,nan,nan,nan,nan,nan,nan,nan,nan,nan,nan,nan,nan,nan,nan,nan,nan,nan,nan,nan,nan,nan,nan,nan,nan,nan,nan,nan,nan,nan,nan,nan,nan,nan,nan,nan,nan,nan,nan,nan,nan,nan,nan,nan,nan,nan,nan,nan,nan,nan,nan,nan,nan,nan,nan,nan,nan,nan,nan,nan,nan,nan,nan,nan,nan
nan,nan,nan,nan,nan,nan,nan,nan,nan,nan,nan,nan,nan,nan,nan,nan,nan,nan,nan,nan,nan,nan,nan,nan,nan,nan,nan,nan,nan,nan,nan,nan,nan,nan,nan,nan,nan,nan,nan,nan,nan,nan,nan,nan,nan,nan,nan,nan,nan,nan,nan,nan,nan,nan,nan,nan,nan,nan,nan,nan,nan,nan,nan,nan,nan,nan,nan,nan,nan,nan,nan,nan,nan,nan,nan,nan,nan,nan,nan,nan,nan,nan,nan,nan,nan,nan,nan,nan,nan,nan,nan,nan,nan,nan,nan,nan,nan,nan,nan,nan
nan,nan,nan,nan,nan,nan,nan,nan,nan,nan,nan,nan,nan,nan,nan,nan,nan,nan,nan,nan,nan,nan,nan,nan,nan,nan,nan,nan,nan,nan,nan,nan,nan,nan,nan,nan,nan,nan,nan,nan,nan,nan,nan,nan,nan,nan,nan,nan,nan,nan,nan,nan,nan,nan,nan,nan,nan,nan,nan,nan,nan,nan,nan,nan,nan,nan,nan,nan,nan,nan,nan,nan,nan,nan,nan,nan,nan,nan,nan,nan,nan,nan,nan,nan,nan,nan,nan,nan,nan,nan,nan,nan,nan,nan,nan,nan,nan,nan,nan,nan
nan,nan,nan,nan,nan,nan,nan,nan,nan,nan,nan,nan,nan,nan,nan,nan,nan,nan,nan,nan,nan,nan,nan,nan,nan,nan,nan,nan,nan,nan,nan,nan,nan,nan,nan,nan,nan,nan,nan,nan,nan,nan,nan,nan,nan,nan,nan,nan,nan,nan,nan,nan,nan,nan,nan,nan,nan,nan,nan,nan,nan,nan,nan,nan,nan,nan,nan,nan,nan,nan,nan,nan,nan,nan,nan,nan,nan,nan,nan,nan,nan,nan,nan,nan,nan,nan,nan,nan,nan,nan,nan,nan,nan,nan,nan,nan,nan,nan,nan,nan
nan,nan,nan,nan,nan,nan,nan,nan,nan,nan,nan,nan,nan,nan,nan,nan,nan,nan,nan,nan,nan,nan,nan,nan,nan,nan,nan,nan,nan,nan,nan,nan,nan,nan,nan,nan,nan,nan,nan,nan,nan,nan,nan,nan,nan,nan,nan,nan,nan,nan,nan,nan,nan,nan,nan,nan,nan,nan,nan,nan,nan,nan,nan,nan,nan,nan,nan,nan,nan,nan,nan,nan,nan,nan,nan,nan,nan,nan,nan,nan,nan,nan,nan,nan,nan,nan,nan,nan,nan,nan,nan,nan,nan,nan,nan,nan,nan,nan,nan,nan
nan,nan,nan,nan,nan,nan,nan,nan,nan,nan,nan,nan,nan,nan,nan,nan,nan,nan,nan,nan,nan,nan,nan,nan,nan,nan,nan,nan,nan,nan,nan,nan,nan,nan,nan,nan,nan,nan,nan,nan,nan,nan,nan,nan,nan,nan,nan,nan,nan,nan,nan,nan,nan,nan,nan,nan,nan,nan,nan,nan,nan,nan,nan,nan,nan,nan,nan,nan,nan,nan,nan,nan,nan,nan,nan,nan,nan,nan,nan,nan,nan,nan,nan,nan,nan,nan,nan,nan,nan,nan,nan,nan,nan,nan,nan,nan,nan,nan,nan,nan
nan,nan,nan,nan,nan,nan,nan,nan,nan,nan,nan,nan,nan,nan,nan,nan,nan,nan,nan,nan,nan,nan,nan,nan,nan,nan,nan,nan,nan,nan,nan,nan,nan,nan,nan,nan,nan,nan,nan,nan,nan,nan,nan,nan,nan,nan,nan,nan,nan,nan,nan,nan,nan,nan,nan,nan,nan,nan,nan,nan,nan,nan,nan,nan,nan,nan,nan,nan,nan,nan,nan,nan,nan,nan,nan,nan,nan,nan,nan,nan,nan,nan,nan,nan,nan,nan,nan,nan,nan,nan,nan,nan,nan,nan,nan,nan,nan,nan,nan,nan
nan,nan,nan,nan,nan,nan,nan,nan,nan,nan,nan,nan,nan,nan,nan,nan,nan,nan,nan,nan,nan,nan,nan,nan,nan,nan,nan,nan,nan,nan,nan,nan,nan,nan,nan,nan,nan,nan,nan,nan,nan,nan,nan,nan,nan,nan,nan,nan,nan,nan,nan,nan,nan,nan,nan,nan,nan,nan,nan,nan,nan,nan,nan,nan,nan,nan,nan,nan,nan,nan,nan,nan,nan,nan,nan,nan,nan,nan,nan,nan,nan,nan,nan,nan,nan,nan,nan,nan,nan,nan,nan,nan,nan,nan,nan,nan,nan,nan,nan,nan
nan,nan,nan,nan,nan,nan,nan,nan,nan,nan,nan,nan,nan,nan,nan,nan,nan,nan,nan,nan,nan,nan,nan,nan,nan,nan,nan,nan,nan,nan,nan,nan,nan,nan,nan,nan,nan,nan,nan,nan,nan,nan,nan,nan,nan,nan,nan,nan,nan,nan,nan,nan,nan,nan,nan,nan,nan,nan,nan,nan,nan,nan,nan,nan,nan,nan,nan,nan,nan,nan,nan,nan,nan,nan,nan,nan,nan,nan,nan,nan,nan,nan,nan,nan,nan,nan,nan,nan,nan,nan,nan,nan,nan,nan,nan,nan,nan,nan,nan,nan
nan,nan,nan,nan,nan,nan,nan,nan,nan,nan,nan,nan,nan,nan,nan,nan,nan,nan,nan,nan,nan,nan,nan,nan,nan,nan,nan,nan,nan,nan,nan,nan,nan,nan,nan,nan,nan,nan,nan,nan,nan,nan,nan,nan,nan,nan,nan,nan,nan,nan,nan,nan,nan,nan,nan,nan,nan,nan,nan,nan,nan,nan,nan,nan,nan,nan,nan,nan,nan,nan,nan,nan,nan,nan,nan,nan,nan,nan,nan,nan,nan,nan,nan,nan,nan,nan,nan,nan,nan,nan,nan,nan,nan,nan,nan,nan,nan,nan,nan,nan
nan,nan,nan,nan,nan,nan,nan,nan,nan,nan,nan,nan,nan,nan,nan,nan,nan,nan,nan,nan,nan,nan,nan,nan,nan,nan,nan,nan,nan,nan,nan,nan,nan,nan,nan,nan,nan,nan,nan,nan,nan,nan,nan,nan,nan,nan,nan,nan,nan,nan,nan,nan,nan,nan,nan,nan,nan,nan,nan,nan,nan,nan,nan,nan,nan,nan,nan,nan,nan,nan,nan,nan,nan,nan,nan,nan,nan,nan,nan,nan,nan,nan,nan,nan,nan,nan,nan,nan,nan,nan,nan,nan,nan,nan,nan,nan,nan,nan,nan,nan
nan,nan,nan,nan,nan,nan,nan,nan,nan,nan,nan,nan,nan,nan,nan,nan,nan,nan,nan,nan,nan,nan,nan,nan,nan,nan,nan,nan,nan,nan,nan,nan,nan,nan,nan,nan,nan,nan,nan,nan,nan,nan,nan,nan,nan,nan,nan,nan,nan,nan,nan,nan,nan,nan,nan,nan,nan,nan,nan,nan,nan,nan,nan,nan,nan,nan,nan,nan,nan,nan,nan,nan,nan,nan,nan,nan,nan,nan,nan,nan,nan,nan,nan,nan,nan,nan,nan,nan,nan,nan,nan,nan,nan,nan,nan,nan,nan,nan,nan,nan
nan,nan,nan,nan,nan,nan,nan,nan,nan,nan,nan,nan,nan,nan,nan,nan,nan,nan,nan,nan,nan,nan,nan,nan,nan,nan,nan,nan,nan,nan,nan,nan,nan,nan,nan,nan,nan,nan,nan,nan,nan,nan,nan,nan,nan,nan,nan,nan,nan,nan,nan,nan,nan,nan,nan,nan,nan,nan,nan,nan,nan,nan,nan,nan,nan,nan,nan,nan,nan,nan,nan,nan,nan,nan,nan,nan,nan,nan,nan,nan,nan,nan,nan,nan,nan,nan,nan,nan,nan,nan,nan,nan,nan,nan,nan,nan,nan,nan,nan,nan
nan,nan,nan,nan,nan,nan,nan,nan,nan,nan,nan,nan,nan,nan,nan,nan,nan,nan,nan,nan,nan,nan,nan,nan,nan,nan,nan,nan,nan,nan,nan,nan,nan,nan,nan,nan,nan,nan,nan,nan,nan,nan,nan,nan,nan,nan,nan,nan,nan,nan,nan,nan,nan,nan,nan,nan,nan,nan,nan,nan,nan,nan,nan,nan,nan,nan,nan,nan,nan,nan,nan,nan,nan,nan,nan,nan,nan,nan,nan,nan,nan,nan,nan,nan,nan,nan,nan,nan,nan,nan,nan,nan,nan,nan,nan,nan,nan,nan,nan,nan
nan,nan,nan,nan,nan,nan,nan,nan,nan,nan,nan,nan,nan,nan,nan,nan,nan,nan,nan,nan,nan,nan,nan,nan,nan,nan,nan,nan,nan,nan,nan,nan,nan,nan,nan,nan,nan,nan,nan,nan,nan,nan,nan,nan,nan,nan,nan,nan,nan,nan,nan,nan,nan,nan,nan,nan,nan,nan,nan,nan,nan,nan,nan,nan,nan,nan,nan,nan,nan,nan,nan,nan,nan,nan,nan,nan,nan,nan,nan,nan,nan,nan,nan,nan,nan,nan,nan,nan,nan,nan,nan,nan,nan,nan,nan,nan,nan,nan,nan,nan
