nan,nan,nan,nan,nan,nan,nan,nan,nan,nan,nan,nan,nan,nan,nan,nan,nan,nan,nan,nan,nan,nan,nan,nan,nan,nan,nan,nan,nan,nan,nan,nan,nan,nan,nan,nan,nan,nan,nan,nan,nan,nan,nan,nan,nan,nan,nan,nan,nan,nan,nan,nan,nan,nan,nan,nan,nan,nan,nan,nan,nan,nan,nan,nan,nan,nan,nan,nan,nan,nan,nan,nan,-2.084797740053260517e-01,-2.201985946581218601e-01,-2.274354995548597269e-01,-2.270658094272803851e-01,-2.232307586201409677e-01,-2.155591507300805010e-01,-2.045862931676391272e-01,-1.912943916375995368e-01,-1.763972496744013185e-01,-1.606215824477517096e-01,-1.446215961098450964e-01,-1.289168290746070811e-01,-1.139019861556455765e-01,-9.990281405829155859e-02,-8.710580906714450455e-02,-7.559344572030796128e-02,-6.536765359638158079e-02,-5.637716641369792947e-02,-4.851553736110293669e-02,-4.166172380853861573e-02,-3.569301172345291928e-02,-3.048683660244519422e-02,-2.594108725431432810e-02,-2.196564434354518480e-02,-1.848607924137374986e-02,-1.544644661681001709e-02,-1.279856375973215457e-02,-1.050592835956466915e-02
nan,nan,nan,nan,nan,nan,nan,nan,nan,nan,nan,nan,nan,nan,nan,nan,nan,nan,nan,nan,nan,nan,nan,nan,nan,nan,nan,nan,nan,nan,nan,nan,nan,nan,nan,nan,nan,nan,nan,nan,nan,nan,nan,nan,nan,nan,nan,nan,nan,nan,nan,nan,nan,nan,nan,nan,nan,nan,nan,nan,nan,nan,nan,nan,nan,nan,nan,nan,nan,nan,nan,nan,nan,-2.922835601501417857e-01,-3.143174463371080085e-01,-3.127259244706169783e-01,-2.965956661011233120e-01,-2.850700069070120080e-01,-2.694984230677165971e-01,-2.511302690053055509e-01,-2.306860202888240396e-01,-2.094226366426646668e-01,-1.880802463170375971e-01,-1.674232430395514726e-01,-1.479618058340072262e-01,-1.300603824744081816e-01,-1.139058046533044377e-01,-9.953754285690777359e-02,-8.688015969169199382e-02,-7.580003604467801248e-02,-6.611576544938949085e-02,-5.762971190081588035e-02,-5.015593167973138311e-02,-4.353307335100521647e-02,-3.763151413321898925e-02,-3.234913363748721099e-02,-2.761279605084307823e-02,-2.337644661450464720e-02,-1.960217375826782057e-02,-1.626193118749376387e-02
nan,nan,nan,nan,nan,nan,nan,nan,nan,nan,nan,nan,nan,nan,nan,nan,nan,nan,nan,nan,nan,nan,nan,nan,nan,nan,nan,nan,nan,nan,nan,nan,nan,nan,nan,nan,nan,nan,nan,nan,nan,nan,nan,nan,nan,nan,nan,nan,nan,nan,nan,nan,nan,nan,nan,nan,nan,nan,nan,nan,nan,nan,nan,nan,nan,nan,nan,nan,nan,nan,nan,nan,nan,nan,nan,-3.702654481238313311e-01,-3.876723537720815349e-01,-3.672268898953867100e-01,-3.405900022097777535e-01,-3.124351975076525845e-01,-2.843124778551066600e-01,-2.557973393688391939e-01,-2.284934017015932961e-01,-2.028891109014655247e-01,-1.793589372819207883e-01,-1.581850238492180649e-01,-1.394901215930115512e-01,-1.230980705225590138e-01,-1.088533590402246676e-01,-9.646588365584783664e-02,-8.561193766637197056e-02,-7.601500049473934595e-02,-6.740705684104525419e-02,-5.959413678397262881e-02,-5.243118715921605416e-02,-4.581494235998753717e-02,-3.969606126154295173e-02,-3.406325761505671346e-02,-2.890589589823378686e-02,-2.423989426250283685e-02
nan,nan,nan,nan,nan,nan,nan,nan,nan,nan,nan,nan,nan,nan,nan,nan,nan,nan,nan,nan,nan,nan,nan,nan,nan,nan,nan,nan,nan,nan,nan,nan,nan,nan,nan,nan,nan,nan,nan,nan,nan,nan,nan,nan,nan,nan,nan,nan,nan,nan,nan,nan,nan,nan,nan,nan,nan,nan,nan,nan,nan,nan,nan,nan,nan,nan,nan,nan,nan,nan,nan,nan,nan,nan,nan,-4.781496022569133864e-01,-4.481729495889451020e-01,-4.204246884394530759e-01,-3.876791080049402094e-01,-3.529744893318598753e-01,-3.180180488365654812e-01,-2.847772249235855369e-01,-2.531295391280717344e-01,-2.245622070959051864e-01,-1.991838020548460375e-01,-1.769792662885522339e-01,-1.579508761522835925e-01,-1.416552275174980946e-01,-1.277538145361545585e-01,-1.157035916702035122e-01,-1.051198539691671346e-01,-9.554051390097108298e-02,-8.668003054463220558e-02,-7.827229686254504049e-02,-7.021129354381248910e-02,-6.243041006933532783e-02,-5.493699482204337375e-02,-4.778149296214537212e-02,-4.103527615212520380e-02,-3.476312657170644443e-02
nan,nan,nan,nan,nan,nan,nan,nan,nan,nan,nan,nan,nan,nan,nan,nan,nan,nan,nan,nan,nan,nan,nan,nan,nan,nan,nan,nan,nan,nan,nan,nan,nan,nan,nan,nan,nan,nan,nan,nan,nan,nan,nan,nan,nan,nan,nan,nan,nan,nan,nan,nan,nan,nan,nan,nan,nan,nan,nan,nan,nan,nan,nan,nan,nan,nan,nan,nan,nan,nan,nan,nan,nan,nan,nan,-4.771341979383572074e-01,-4.554264065948605000e-01,-4.211342551027345560e-01,-3.874486336697566813e-01,-3.489299422007597906e-01,-3.116987149930134371e-01,-2.782563505177405028e-01,-2.470931863620089985e-01,-2.197741247850320545e-01,-1.969706067653061998e-01,-1.778883020282936711e-01,-1.623013368908295673e-01,-1.496246150008287146e-01,-1.391719777195710994e-01,-1.302134378581027152e-01,-1.221423307087839555e-01,-1.144192708628034710e-01,-1.066698174535119642e-01,-9.872711978996583093e-02,-9.046091677025512590e-02,-8.192562317722798526e-02,-7.324191023235410158e-02,-6.455202262195933183e-02,-5.606848056479072501e-02,-4.798306402825747163e-02
nan,nan,nan,nan,nan,nan,nan,nan,nan,nan,nan,nan,nan,nan,nan,nan,nan,nan,nan,nan,nan,nan,nan,nan,nan,nan,nan,nan,nan,nan,nan,nan,nan,nan,nan,nan,nan,nan,nan,nan,nan,nan,nan,nan,nan,nan,nan,nan,nan,nan,nan,nan,nan,nan,nan,nan,nan,nan,nan,nan,nan,nan,nan,nan,nan,nan,nan,nan,nan,nan,nan,nan,nan,nan,-4.237606151909064089e-01,-4.295386743907702587e-01,-4.004232765575481690e-01,-3.634671904732033054e-01,-3.258479804445025274e-01,-2.903784089888715170e-01,-2.560709673322508206e-01,-2.253352720392488295e-01,-1.992421484745089399e-01,-1.782130491465221678e-01,-1.637965475978848950e-01,-1.536505271646241844e-01,-1.462877092111167232e-01,-1.417824413797830752e-01,-1.388727479137812360e-01,-1.365696543087717985e-01,-1.340233055249586691e-01,-1.305964488844466587e-01,-1.258707260760675295e-01,-1.197206765909431536e-01,-1.122535006500969407e-01,-1.035632383035436782e-01,-9.402122438770425805e-02,-8.396782008387211615e-02,-7.372001590230257972e-02,-6.365373298047471984e-02
nan,nan,nan,nan,nan,nan,nan,nan,nan,nan,nan,nan,nan,nan,nan,nan,nan,nan,nan,nan,nan,nan,nan,nan,nan,nan,nan,nan,nan,nan,nan,nan,nan,nan,nan,nan,nan,nan,nan,nan,nan,nan,nan,nan,nan,nan,nan,nan,nan,nan,nan,nan,nan,nan,nan,nan,nan,nan,nan,nan,nan,nan,nan,nan,nan,nan,nan,nan,nan,nan,nan,nan,nan,-3.436765839843213821e-01,-3.519985149058694196e-01,-3.096782514124804542e-01,-2.764510859976864743e-01,-2.390855383971814685e-01,-2.038514396067383772e-01,-1.740005898805660478e-01,-1.453403932859838599e-01,-1.230833284357383400e-01,-1.084830893987844963e-01,-9.951698309172045398e-02,-9.708888574663258886e-02,-9.975589436347664929e-02,-1.070568288919415273e-01,-1.155147026749339112e-01,-1.241512284655012927e-01,-1.321596576499760312e-01,-1.384352449219685699e-01,-1.419275772966951121e-01,-1.423951473850026961e-01,-1.396410062995241397e-01,-1.341456955132183937e-01,-1.261489251779705223e-01,-1.162486244047583467e-01,-1.051012941801997558e-01,-9.324466388505772696e-02,-8.120094368036176458e-02
nan,nan,nan,nan,nan,nan,nan,nan,nan,nan,nan,nan,nan,nan,nan,nan,nan,nan,nan,nan,nan,nan,nan,nan,nan,nan,nan,nan,nan,nan,nan,nan,nan,nan,nan,nan,nan,nan,nan,nan,nan,nan,nan,nan,nan,nan,nan,nan,nan,nan,nan,nan,nan,nan,nan,nan,nan,nan,nan,nan,nan,nan,nan,nan,nan,nan,nan,nan,nan,nan,nan,nan,nan,-2.577802059833452786e-01,-1.465499788107742507e-01,-1.300109285215100274e-01,-9.544995976861166131e-02,-7.158581115758608227e-02,-3.588999642272165669e-02,-7.222620578310337026e-03,1.126094593945185796e-02,2.396412951871203234e-02,2.886337044108033476e-02,2.256467645230920971e-02,4.923206566313225764e-03,-1.574115293589668091e-02,-4.187278409978470450e-02,-6.837765842309856401e-02,-9.318038175810056112e-02,-1.164655016369763318e-01,-1.340661390677891363e-01,-1.469708363262773321e-01,-1.547551401649767400e-01,-1.572208250268036234e-01,-1.545482140533121496e-01,-1.481691222545133135e-01,-1.386356982957766271e-01,-1.266220222910535431e-01,-1.132332236503356682e-01,-9.933890837668689355e-02
nan,nan,nan,nan,nan,nan,nan,nan,nan,nan,nan,nan,nan,nan,nan,nan,nan,nan,nan,nan,nan,nan,nan,nan,nan,nan,nan,nan,nan,nan,nan,nan,nan,nan,nan,nan,nan,nan,nan,nan,nan,nan,nan,nan,nan,nan,nan,nan,nan,nan,nan,nan,nan,nan,nan,nan,nan,nan,nan,nan,nan,nan,nan,nan,nan,nan,nan,nan,nan,nan,nan,nan,nan,8.229501485896489887e-02,2.775681633705947768e-02,5.708067812686315468e-02,1.259995429363910679e-01,1.545575876044124330e-01,1.806432177859857435e-01,1.884660220169710187e-01,2.013603727755801653e-01,2.018283427889163983e-01,1.922358925644100103e-01,1.639669199810032396e-01,1.213130451715985630e-01,7.846077035446963333e-02,3.111295415801026282e-02,-7.755342380825084279e-03,-4.553520962549659212e-02,-9.138699677665872156e-02,-1.202056977442927388e-01,-1.456720677041880019e-01,-1.611593234810514141e-01,-1.693840235073826028e-01,-1.717169347268239776e-01,-1.672441573679508686e-01,-1.587198650119819587e-01,-1.464785860654973793e-01,-1.321806881722776272e-01,-1.166610124356463607e-01
nan,nan,nan,nan,nan,nan,nan,nan,nan,nan,nan,nan,nan,nan,nan,nan,nan,nan,nan,nan,nan,nan,nan,nan,nan,nan,nan,nan,nan,nan,nan,nan,nan,nan,nan,nan,nan,nan,nan,nan,nan,nan,nan,nan,nan,nan,nan,nan,nan,nan,nan,nan,nan,nan,nan,nan,nan,nan,nan,nan,nan,nan,nan,nan,nan,nan,nan,nan,nan,nan,nan,2.263710744936808239e-01,2.325124386234832807e-01,2.379996730247668779e-01,2.637549056047680529e-01,3.105022127968127266e-01,3.290846102064107215e-01,3.567928139426671530e-01,3.889626312537548536e-01,3.976551077315517158e-01,3.984265959874935259e-01,3.734201578377835951e-01,3.549242263358167171e-01,3.105907655759957975e-01,2.564630839172692411e-01,2.063504933804959085e-01,1.311315083141229854e-01,4.599994435271468479e-02,9.383515152635730702e-03,-4.483037496313380804e-02,-1.016649565641794817e-01,-1.289058774399410856e-01,-1.596513277642794271e-01,-1.767942312163669760e-01,-1.828777803242110367e-01,-1.817341764444714569e-01,-1.742514541163570907e-01,-1.623298863571838724e-01,-1.474179000398328776e-01,-1.309548027129537606e-01
nan,nan,nan,nan,nan,nan,nan,nan,nan,nan,nan,nan,nan,nan,nan,nan,nan,nan,nan,nan,nan,nan,nan,nan,nan,nan,nan,nan,nan,nan,nan,nan,nan,nan,nan,nan,nan,nan,nan,nan,nan,nan,nan,nan,nan,nan,nan,nan,nan,nan,nan,nan,nan,nan,nan,nan,nan,nan,nan,nan,nan,nan,nan,nan,nan,nan,nan,nan,nan,nan,3.513450312755011518e-01,3.462655931665452047e-01,3.779837291144949041e-01,4.074554589204283928e-01,4.408641016039258065e-01,4.693158952057258082e-01,4.983311359054974354e-01,5.409512642216334211e-01,5.519224601651571138e-01,5.581503962847249589e-01,5.539406342684077833e-01,5.204082192419750008e-01,4.669960930883683137e-01,4.269910781377177500e-01,3.541168615544134091e-01,2.669664636031465199e-01,nan,nan,nan,nan,nan,-1.282881181066136689e-01,-1.532757959474871368e-01,-1.702980557575326237e-01,-1.866030299415748772e-01,-1.882822108303884023e-01,-1.817868430535918012e-01,-1.727045703346438144e-01,-1.574740610642468563e-01,-1.407093838535973251e-01
nan,nan,nan,nan,nan,nan,nan,nan,nan,nan,nan,nan,nan,nan,nan,nan,nan,nan,nan,nan,nan,nan,nan,nan,nan,nan,nan,nan,nan,nan,nan,nan,nan,nan,nan,nan,nan,nan,nan,nan,nan,nan,nan,nan,nan,nan,nan,nan,nan,nan,nan,nan,nan,nan,nan,nan,nan,nan,nan,nan,nan,nan,nan,nan,nan,nan,nan,nan,4.181431649668422845e-01,4.226821487038515124e-01,4.265480902943478703e-01,4.389449622256159089e-01,4.654757286893122514e-01,5.026180741623148540e-01,5.323360325866048903e-01,5.664816422144667296e-01,6.048860356110737913e-01,6.311240699400405552e-01,6.490827330606340206e-01,6.493882603331986303e-01,6.425519364801222100e-01,6.057220611484960271e-01,5.638039780722007288e-01,5.237462201187453870e-01,nan,nan,nan,nan,nan,nan,nan,nan,nan,nan,nan,-1.857899645539858868e-01,-1.797071772944181522e-01,-1.715773282779818887e-01,-1.577334649677594458e-01,-1.416841643550799668e-01
nan,nan,nan,nan,nan,nan,nan,nan,nan,nan,nan,nan,nan,nan,nan,nan,nan,nan,nan,nan,nan,nan,nan,nan,nan,nan,nan,nan,nan,nan,nan,nan,nan,nan,nan,nan,nan,nan,nan,nan,nan,nan,nan,nan,nan,nan,nan,nan,nan,nan,nan,nan,nan,nan,nan,nan,nan,nan,nan,nan,nan,nan,nan,nan,nan,nan,4.218585942698108160e-01,4.198649560947503856e-01,4.262866148325720195e-01,4.287821382943528548e-01,4.361261166542008683e-01,4.473021572731458173e-01,4.690926381787662858e-01,4.999205295862520493e-01,5.270682407697293570e-01,5.664094286383728472e-01,5.974988642871955635e-01,6.252100670263259774e-01,6.468756504350192671e-01,6.596742385430465205e-01,6.491338605729070066e-01,6.314344504038895689e-01,6.013180725010227601e-01,nan,nan,nan,nan,nan,nan,nan,nan,nan,nan,nan,nan,nan,-1.647767631651837206e-01,-1.590015564927345915e-01,-1.475643792056197945e-01,-1.346479241719544806e-01
nan,nan,nan,nan,nan,nan,nan,nan,nan,nan,nan,nan,nan,nan,nan,nan,nan,nan,nan,nan,nan,nan,nan,nan,nan,nan,nan,nan,nan,nan,nan,nan,nan,nan,nan,nan,nan,nan,nan,nan,nan,nan,nan,nan,nan,nan,nan,nan,nan,nan,nan,nan,nan,nan,nan,nan,nan,nan,nan,nan,nan,nan,nan,nan,nan,nan,3.734460283334010700e-01,3.810230107717673675e-01,3.677401044819608722e-01,3.523681899133656592e-01,3.567014745266139930e-01,3.693313123243821550e-01,3.824832186414435786e-01,4.060761391663829656e-01,4.331690771894356473e-01,4.648552963996090970e-01,5.131865288046935092e-01,5.446936338571712888e-01,5.808660959409858160e-01,5.792356390394205468e-01,5.891167386032376552e-01,5.825728784389048176e-01,5.566797298946090100e-01,nan,nan,nan,nan,nan,nan,nan,nan,nan,-6.604717149143325694e-02,-1.008495730736439500e-01,-1.166671746745053528e-01,-1.256785066735212619e-01,-1.310848166316335717e-01,-1.405572359147351791e-01,-1.319056307340191192e-01,-1.194568941668658346e-01
nan,nan,nan,nan,nan,nan,nan,nan,nan,nan,nan,nan,nan,nan,nan,nan,nan,nan,nan,nan,nan,nan,nan,nan,nan,nan,nan,nan,nan,nan,nan,nan,nan,nan,nan,nan,nan,nan,nan,nan,nan,nan,nan,nan,nan,nan,nan,nan,nan,nan,nan,nan,nan,nan,nan,nan,nan,nan,nan,nan,nan,nan,nan,nan,nan,nan,2.920125644470017989e-01,2.654499719564259452e-01,2.533201472922932962e-01,2.494907850528485238e-01,2.307278358905101301e-01,2.284936973415330752e-01,2.288948522663505347e-01,2.399440357960089809e-01,2.592262080066205510e-01,2.891625499105046626e-01,3.299194616017482318e-01,3.515275126164519315e-01,4.121571448492010181e-01,4.613038773563725714e-01,4.857905860106543905e-01,4.866349152124942457e-01,4.626553134068875917e-01,4.386690144558104132e-01,nan,nan,nan,nan,nan,nan,nan,nan,-4.820150799942204967e-02,-6.358790254313563539e-02,-9.003262264889839994e-02,-9.967713209417666809e-02,-1.096652342220643117e-01,-1.096840147338915550e-01,-1.067035404826572470e-01,-9.840202684976356862e-02
nan,nan,nan,nan,nan,nan,nan,nan,nan,nan,nan,nan,nan,nan,nan,nan,nan,nan,nan,nan,nan,nan,nan,nan,nan,nan,nan,nan,nan,nan,nan,nan,nan,nan,nan,nan,nan,nan,nan,nan,nan,nan,nan,nan,nan,nan,nan,nan,nan,nan,nan,nan,nan,nan,nan,nan,nan,nan,nan,nan,nan,nan,nan,nan,nan,1.742259322856737069e-01,1.603286093996746653e-01,1.571685018127357003e-01,1.376487831592414224e-01,1.083957844384429714e-01,9.812595741329739607e-02,8.892659790055684743e-02,9.212428294541420704e-02,9.873616056111494954e-02,1.170741922589380452e-01,1.438393384924393503e-01,1.739999686004643220e-01,2.131375543661113980e-01,2.462110110934422613e-01,2.783095728277532044e-01,3.085063420068838713e-01,3.333789147924940410e-01,3.430609343484364859e-01,3.325728368579891070e-01,3.201967668228294928e-01,2.795531113757989128e-01,nan,nan,1.698752584919965836e-01,nan,7.405750110372896766e-02,2.874011132520685671e-02,-2.365211190345874355e-03,-2.300854445652522964e-02,-4.808059385522503448e-02,-6.956916370943669325e-02,-7.771873179470543958e-02,-7.748999467111775119e-02,-7.788959345974891257e-02,-7.458526229240444727e-02
nan,nan,nan,nan,nan,nan,nan,nan,nan,nan,nan,nan,nan,nan,nan,nan,nan,nan,nan,nan,nan,nan,nan,nan,nan,nan,nan,nan,nan,nan,nan,nan,nan,nan,nan,nan,nan,nan,nan,nan,nan,nan,nan,nan,nan,nan,nan,nan,nan,nan,nan,nan,nan,nan,nan,nan,nan,nan,nan,nan,nan,nan,nan,nan,nan,9.141024196843806904e-02,6.998959428023629470e-02,4.531193910127810642e-02,1.920546581069012063e-02,9.872255848387692320e-05,-1.088766879115596158e-02,-1.788857993371903779e-02,-1.357076863575202262e-02,-6.383438393244547128e-03,9.716992159039443758e-03,3.295177947149880576e-02,6.191547593933995064e-02,9.339369308365422229e-02,1.270507421726529695e-01,1.591821862335511262e-01,1.875218680751503109e-01,2.091101000227385265e-01,2.243511555737471297e-01,2.338162900005972822e-01,2.285107688305775542e-01,2.155783782419825878e-01,1.950505484317897886e-01,1.643560726769593139e-01,1.417570585888497103e-01,1.073305684318974496e-01,7.781673646408975020e-02,4.876809198420394009e-02,2.189274276678035772e-02,-9.139466278202986859e-04,-1.952167567906967771e-02,-3.306266692430583076e-02,-4.420903240979371512e-02,-4.913433201072613110e-02,-5.019076146612754669e-02,-4.950502063089537441e-02
nan,nan,nan,nan,nan,nan,nan,nan,nan,nan,nan,nan,nan,nan,nan,nan,nan,nan,nan,nan,nan,nan,nan,nan,nan,nan,nan,nan,nan,nan,nan,nan,nan,nan,nan,nan,nan,nan,nan,nan,nan,nan,nan,nan,nan,nan,nan,nan,nan,nan,nan,nan,nan,nan,nan,nan,nan,nan,nan,nan,nan,nan,nan,nan,nan,nan,nan,-5.087993548459237431e-02,-6.752391290942603985e-02,-7.541431170574129650e-02,-7.537719550181605499e-02,-7.905929563578055486e-02,-8.127197691658775980e-02,-7.608903425748389515e-02,-6.572738274022085769e-02,-4.844502641431774892e-02,-2.630521069669503748e-02,-1.506897872187457771e-03,2.507822381215252250e-02,5.162158977512074781e-02,7.688786002822051158e-02,9.852436554302095029e-02,1.154140383031848766e-01,1.286327338893462346e-01,1.349778191362937529e-01,1.337317461346766434e-01,1.287601856310712223e-01,1.189756156659139696e-01,1.031924108003769158e-01,8.631170123912408620e-02,6.674198377193389653e-02,4.795257553001305850e-02,2.968830153271071262e-02,1.506879123279548233e-02,8.451903280426856842e-04,-9.804424664971490150e-03,-1.774111055965742548e-02,-2.255915578696484139e-02,-2.654831087794432345e-02,-2.748651589983584428e-02
nan,nan,nan,nan,nan,nan,nan,nan,nan,nan,nan,nan,nan,nan,nan,nan,nan,nan,nan,nan,nan,nan,nan,nan,nan,nan,nan,nan,nan,nan,nan,nan,nan,nan,nan,nan,nan,nan,nan,nan,nan,nan,nan,nan,nan,nan,nan,nan,nan,nan,nan,nan,nan,nan,nan,nan,nan,nan,nan,nan,nan,nan,nan,nan,nan,nan,nan,nan,nan,nan,nan,-1.033734412549159321e-01,-1.060660227717677012e-01,-1.074857660286100136e-01,-1.070790887560314486e-01,-1.024660220167961378e-01,-9.417376248282487150e-02,-8.144780027116232946e-02,-6.654778390937471366e-02,-4.897034746166493285e-02,-3.120661249594812447e-02,-1.242678725095460422e-02,3.778420604527657316e-03,1.873141768213817254e-02,3.093060508579244250e-02,4.194638865878221740e-02,4.876135600524417885e-02,4.999160173808065571e-02,4.569319065302899358e-02,4.318911740170097713e-02,3.905510072755583040e-02,3.286605552279743547e-02,2.552335414614837969e-02,1.763970678533603037e-02,1.080413212437690909e-02,3.905902063641631620e-03,-8.642036632817103915e-04,-4.617294471095215874e-03,-7.506098854920200715e-03,-9.424285550195660860e-03
nan,nan,nan,nan,nan,nan,nan,nan,nan,nan,nan,nan,nan,nan,nan,nan,nan,nan,nan,nan,nan,nan,nan,nan,nan,nan,nan,nan,nan,nan,nan,nan,nan,nan,nan,nan,nan,nan,nan,nan,nan,nan,nan,nan,nan,nan,nan,nan,nan,nan,nan,nan,nan,nan,nan,nan,nan,nan,nan,nan,nan,nan,nan,nan,nan,nan,nan,nan,nan,nan,nan,-9.302175133490693526e-02,-1.024858338914630407e-01,-1.161494425756191134e-01,-1.309492120678734939e-01,-1.432265357744860190e-01,-1.521273056128004675e-01,-1.578160052930450141e-01,-1.573836066322890359e-01,-1.515554191850654597e-01,-1.444649271548877068e-01,-1.327573792683860165e-01,-1.168278589163550679e-01,-1.004596961169133690e-01,-8.321878399755718025e-02,-6.782866409364769755e-02,-5.071854890954091005e-02,-3.577882281387861907e-02,-2.332563284390809510e-02,-1.071235455603416695e-02,-7.985691169073793434e-04,5.367555201796008271e-03,8.101173418716843891e-03,1.041283858350317178e-02,1.041065657325481245e-02,9.820605551287442392e-03,8.586828151153641162e-03,7.047851424664941175e-03,5.229494706962534850e-03,3.500333960549604703e-03
nan,nan,nan,nan,nan,nan,nan,nan,nan,nan,nan,nan,nan,nan,nan,nan,nan,nan,nan,nan,nan,nan,nan,nan,nan,nan,nan,nan,nan,nan,nan,nan,nan,nan,nan,nan,nan,nan,nan,nan,nan,nan,nan,nan,nan,nan,nan,nan,nan,nan,nan,nan,nan,nan,nan,nan,nan,nan,nan,nan,nan,nan,nan,nan,nan,nan,nan,nan,nan,nan,nan,nan,-1.002623745713291936e-01,-1.231559371508270662e-01,-1.538389650535050834e-01,-1.863188652173080884e-01,-2.151404311031251126e-01,-2.398592601162594928e-01,-2.534934578596173549e-01,-2.668308247738702121e-01,-2.637753343811362061e-01,-2.601260840586798739e-01,-2.479657988789320255e-01,-2.338293276922581154e-01,-2.152253851895614134e-01,-1.773803140382280430e-01,-1.494221462169849357e-01,-1.232982256354949041e-01,-9.509068398064766947e-02,-7.127561747322329333e-02,-4.745254263853254661e-02,-2.853478429116875978e-02,-1.553072608538224458e-02,-5.192716585299013247e-03,4.500653145966988788e-03,9.727719452708293718e-03,1.294340874171824758e-02,1.432684295204320578e-02,1.435592952449456575e-02,1.333460211457487138e-02
nan,nan,nan,nan,nan,nan,nan,nan,nan,nan,nan,nan,nan,nan,nan,nan,nan,nan,nan,nan,nan,nan,nan,nan,nan,nan,nan,nan,nan,nan,nan,nan,nan,nan,nan,nan,nan,nan,nan,nan,nan,nan,nan,nan,nan,nan,nan,nan,nan,nan,nan,nan,nan,nan,nan,nan,nan,nan,nan,nan,nan,nan,nan,nan,nan,nan,nan,nan,nan,nan,nan,nan,nan,nan,-1.952226537613692969e-01,-2.420332750874303052e-01,-2.809787447753032685e-01,-3.389928165469832111e-01,-3.861028188364165059e-01,-4.147385731597329483e-01,-4.277866519149103874e-01,-4.122466859134198414e-01,-4.102235133171474590e-01,-3.860674792393411492e-01,-3.444066262606431117e-01,-3.103123159581193669e-01,-2.543644401138130395e-01,-2.181762740031489567e-01,-1.785257261147136509e-01,-1.397208820322387024e-01,-9.399571488946099895e-02,-6.337840374658978981e-02,-3.781490794535058431e-02,-1.679826237699789601e-02,-1.122079811667772058e-03,9.621800825647505023e-03,1.705789509392523912e-02,2.102654947196294297e-02,2.231250428466536803e-02,2.206375170436890645e-02
nan,nan,nan,nan,nan,nan,nan,nan,nan,nan,nan,nan,nan,nan,nan,nan,nan,nan,nan,nan,nan,nan,nan,nan,nan,nan,nan,nan,nan,nan,nan,nan,nan,nan,nan,nan,nan,nan,nan,nan,nan,nan,nan,nan,nan,nan,nan,nan,nan,nan,nan,nan,nan,nan,nan,nan,nan,nan,nan,nan,nan,nan,nan,nan,nan,nan,nan,nan,nan,nan,nan,nan,nan,nan,nan,nan,-3.714873576068317140e-01,-4.125548687092748246e-01,-4.652353478567300971e-01,-4.958262695400467157e-01,-5.201783124552487036e-01,-5.229270902652768394e-01,-4.999462888024330254e-01,-4.743198841670246413e-01,-4.318244334641589410e-01,-3.854119713128170699e-01,-3.336477999308697928e-01,-2.822709190186665773e-01,-2.190386370565199081e-01,-1.690442166380717315e-01,-1.216875063715522065e-01,-8.312715893128151678e-02,-4.698161001325645153e-02,-1.844854977099077975e-02,2.601099292390292913e-03,1.646148233392224353e-02,2.528873212389105840e-02,3.072870552844293029e-02,3.216024494164661240e-02,3.172788375092859547e-02
nan,nan,nan,nan,nan,nan,nan,nan,nan,nan,nan,nan,nan,nan,nan,nan,nan,nan,nan,nan,nan,nan,nan,nan,nan,nan,nan,nan,nan,nan,nan,nan,nan,nan,nan,nan,nan,nan,nan,nan,nan,nan,nan,nan,nan,nan,nan,nan,nan,nan,nan,nan,nan,nan,nan,nan,nan,nan,nan,nan,nan,nan,nan,nan,nan,nan,nan,nan,nan,nan,nan,nan,nan,nan,nan,-3.475342110953303365e-01,-3.824889243897347524e-01,-4.525351483234932304e-01,-5.077979792378110036e-01,-5.411286710758316243e-01,-5.586076053986489542e-01,-5.578349628038699048e-01,-5.356787148770518758e-01,-5.037531132881981621e-01,-4.595020384218617693e-01,-4.029118794126551606e-01,-3.507707394784643218e-01,-2.824830151835944214e-01,-2.281087038589363625e-01,-1.689006481269954563e-01,-1.148937657759327990e-01,-7.093126915747940964e-02,-3.310355142315177246e-02,-2.583597096776516031e-03,1.725538010577406384e-02,3.209561659114033849e-02,4.156325211241067991e-02,4.589615260439409289e-02,4.698625304366001176e-02,4.529390185623778653e-02
nan,nan,nan,nan,nan,nan,nan,nan,nan,nan,nan,nan,nan,nan,nan,nan,nan,nan,nan,nan,nan,nan,nan,nan,nan,nan,nan,nan,nan,nan,nan,nan,nan,nan,nan,nan,nan,nan,nan,nan,nan,nan,nan,nan,nan,nan,nan,nan,nan,nan,nan,nan,nan,nan,nan,nan,nan,nan,nan,nan,nan,nan,nan,nan,nan,nan,nan,nan,nan,nan,nan,nan,nan,nan,nan,nan,-3.936314529272690876e-01,-4.146748266520273729e-01,-4.909770335498236937e-01,-5.007173395555704065e-01,-5.197471273257974200e-01,-5.311068546172872384e-01,-5.043149332190460798e-01,-4.615037111353249011e-01,-4.231664911523203565e-01,-3.688155117950296935e-01,-2.992508427818315608e-01,-2.398847564855295655e-01,-1.795950591798831653e-01,-1.203732318711221994e-01,-7.391350565143110785e-02,-2.557813214230031038e-02,4.017556991487932806e-03,3.010624185909635542e-02,5.347079675345881022e-02,6.390447644118882331e-02,6.841031209847170391e-02,6.856616215729503805e-02,6.674684482280432429e-02,6.291573505862647908e-02
nan,nan,nan,nan,nan,nan,nan,nan,nan,nan,nan,nan,nan,nan,nan,nan,nan,nan,nan,nan,nan,nan,nan,nan,nan,nan,nan,nan,nan,nan,nan,nan,nan,nan,nan,nan,nan,nan,nan,nan,nan,nan,nan,nan,nan,nan,nan,nan,nan,nan,nan,nan,nan,nan,nan,nan,nan,nan,nan,nan,nan,nan,nan,nan,nan,nan,nan,nan,nan,nan,nan,nan,nan,nan,nan,nan,nan,-3.879235374648001833e-01,-3.891788582049639511e-01,-4.253541122075271130e-01,-4.317810118120851692e-01,-4.225112389173900085e-01,-3.993908324315975089e-01,-3.772200289246712135e-01,-3.297714644698901409e-01,-2.738944745569286132e-01,-2.197012534890300517e-01,-1.619104443115259861e-01,-1.060876116597302826e-01,-4.592367417160567178e-02,-9.910407490361576414e-04,4.101052774402139112e-02,6.596822366004903571e-02,8.556361896208107554e-02,9.495403828631925058e-02,9.844853061439118314e-02,1.007334672757294741e-01,9.597969878434409186e-02,8.867636843351825449e-02,8.020341070559305896e-02
nan,nan,nan,nan,nan,nan,nan,nan,nan,nan,nan,nan,nan,nan,nan,nan,nan,nan,nan,nan,nan,nan,nan,nan,nan,nan,nan,nan,nan,nan,nan,nan,nan,nan,nan,nan,nan,nan,nan,nan,nan,nan,nan,nan,nan,nan,nan,nan,nan,nan,nan,nan,nan,nan,nan,nan,nan,nan,nan,nan,nan,nan,nan,nan,nan,nan,nan,nan,nan,nan,nan,nan,nan,nan,nan,nan,-1.993875795461745315e-01,-2.258373196578390696e-01,-2.438630372554122516e-01,-2.973794245035931150e-01,-2.994547538347734905e-01,-2.903583007970368945e-01,-2.710808042599677781e-01,-2.351055652244234406e-01,-1.840876738230866616e-01,-1.460455414950387609e-01,-1.015853591883359164e-01,-4.528946433299945590e-02,2.036125291646433740e-03,4.950059100456936922e-02,8.390164332326005558e-02,1.052297507425052486e-01,1.250325331488439939e-01,1.376959079902756178e-01,1.403333226339930906e-01,1.375075264241551465e-01,1.322100512160464814e-01,1.236666282800878702e-01,1.120307779117073604e-01,9.827256877698802018e-02
nan,nan,nan,nan,nan,nan,nan,nan,nan,nan,nan,nan,nan,nan,nan,nan,nan,nan,nan,nan,nan,nan,nan,nan,nan,nan,nan,nan,nan,nan,nan,nan,nan,nan,nan,nan,nan,nan,nan,nan,nan,nan,nan,nan,nan,nan,nan,nan,nan,nan,nan,nan,nan,nan,nan,nan,nan,nan,nan,nan,nan,nan,nan,nan,nan,nan,nan,nan,nan,nan,nan,nan,nan,2.258487691176142356e-02,-2.454685318704004013e-02,-5.261210968306708619e-02,-1.408388361237861430e-01,-1.508422312691730660e-01,-1.637697160610648295e-01,-1.750920807146190972e-01,-1.718358728842512007e-01,-1.591022283935994430e-01,-1.377303174794066998e-01,-9.993361201876523048e-02,-6.838500786663516406e-02,-2.687555205405714118e-02,2.373263885064567230e-02,6.030625184456666482e-02,9.989513548288234124e-02,1.302342634279626266e-01,1.587207464622004960e-01,1.702200094934136765e-01,1.775516039664690737e-01,1.823389445592030478e-01,1.805706176560466503e-01,1.718898044838282346e-01,1.585389014432366517e-01,1.442794232818843392e-01,1.279180748135316514e-01,1.132259810527648652e-01
nan,nan,nan,nan,nan,nan,nan,nan,nan,nan,nan,nan,nan,nan,nan,nan,nan,nan,nan,nan,nan,nan,nan,nan,nan,nan,nan,nan,nan,nan,nan,nan,nan,nan,nan,nan,nan,nan,nan,nan,nan,nan,nan,nan,nan,nan,nan,nan,nan,nan,nan,nan,nan,nan,nan,nan,nan,nan,nan,nan,nan,nan,nan,nan,nan,nan,nan,nan,nan,nan,nan,nan,nan,nan,nan,-3.507761415809775019e-02,-4.938470059836536086e-02,-6.669221563374494455e-02,-7.922836196684895915e-02,-8.038280082488197253e-02,-7.314257084978777190e-02,-5.866244720704204274e-02,-3.236168033365615510e-02,-6.849157205527180159e-03,3.165319471061866369e-02,6.453189327029430766e-02,1.021212410473770205e-01,1.413437044602463000e-01,1.675833377599771634e-01,1.908697013018851862e-01,2.063689969723571382e-01,2.161207893228513088e-01,2.172217235006138614e-01,2.115040928475668547e-01,2.012226384388411393e-01,1.888015882061964690e-01,1.703727260804881183e-01,1.543004241283496836e-01,1.378973933553210851e-01,1.148687765137328259e-01
nan,nan,nan,nan,nan,nan,nan,nan,nan,nan,nan,nan,nan,nan,nan,nan,nan,nan,nan,nan,nan,nan,nan,nan,nan,nan,nan,nan,nan,nan,nan,nan,nan,nan,nan,nan,nan,nan,nan,nan,nan,nan,nan,nan,nan,nan,nan,nan,nan,nan,nan,nan,nan,nan,nan,nan,nan,nan,nan,nan,nan,nan,nan,nan,nan,nan,nan,nan,nan,nan,nan,nan,nan,nan,-1.416331645899408277e-02,-2.501379362061911804e-02,-3.675293807664959528e-02,-4.303731594161668700e-02,-4.454640571052689152e-02,-3.770601382749554781e-02,-2.513342314701650163e-02,-5.362934897597522108e-03,1.890228439109153599e-02,5.007149857831865586e-02,8.185411627854398409e-02,1.173392910350632978e-01,1.484499031658373658e-01,1.749930557805501885e-01,1.978361378290106332e-01,2.138234351649346277e-01,2.226438156637873256e-01,2.266852488154003087e-01,2.239324009304324292e-01,2.169318610659430047e-01,2.024793125783727332e-01,1.868858723367961827e-01,1.709240395328403550e-01,1.530366437611298536e-01,1.373347430725361529e-01,nan
nan,nan,nan,nan,nan,nan,nan,nan,nan,nan,nan,nan,nan,nan,nan,nan,nan,nan,nan,nan,nan,nan,nan,nan,nan,nan,nan,nan,nan,nan,nan,nan,nan,nan,nan,nan,nan,nan,nan,nan,nan,nan,nan,nan,nan,nan,nan,nan,nan,nan,nan,nan,nan,nan,nan,nan,nan,nan,nan,nan,nan,nan,nan,nan,nan,nan,nan,nan,nan,nan,nan,nan,nan,nan,-2.988122855226128111e-02,-4.248091126741160295e-02,-5.212454957357932211e-02,-5.269148249401382073e-02,-4.729178620124627891e-02,-3.609836902712831863e-02,-1.938328494424216425e-02,1.880044500952942309e-03,2.721085632842083074e-02,5.650463096681073577e-02,8.613375051956537187e-02,1.161475649682502109e-01,1.425543761649082919e-01,1.633633913918096925e-01,1.833482032617791135e-01,1.999788384023546417e-01,2.012420262295592788e-01,2.019137873476774259e-01,1.985121784109443455e-01,1.893522256753873145e-01,1.774265424381087641e-01,1.665153850583086792e-01,1.545650467052022969e-01,nan,nan,nan
nan,nan,nan,nan,nan,nan,nan,nan,nan,nan,nan,nan,nan,nan,nan,nan,nan,nan,nan,nan,nan,nan,nan,nan,nan,nan,nan,nan,nan,nan,nan,nan,nan,nan,nan,nan,nan,nan,nan,nan,nan,nan,nan,nan,nan,nan,nan,nan,nan,nan,nan,nan,nan,nan,nan,nan,nan,nan,nan,nan,nan,nan,nan,nan,nan,nan,nan,nan,nan,nan,nan,nan,nan,nan,nan,-9.082883683066436675e-02,-8.564298166215063290e-02,-7.818053215422535174e-02,-7.068656224963279500e-02,-5.983355500189585507e-02,-4.459142159553100559e-02,-2.578593140363644176e-02,-4.025899446380224768e-03,2.190040875566428083e-02,4.613695090558903728e-02,6.877122562209922463e-02,1.035121314325062880e-01,1.226105748332957934e-01,1.222043797092995099e-01,1.395289047307646246e-01,1.514365129425499223e-01,1.541606548014126110e-01,1.516888978891451356e-01,1.477410416941180304e-01,nan,1.431255807704374106e-01,nan,nan,nan,nan
nan,nan,nan,nan,nan,nan,nan,nan,nan,nan,nan,nan,nan,nan,nan,nan,nan,nan,nan,nan,nan,nan,nan,nan,nan,nan,nan,nan,nan,nan,nan,nan,nan,nan,nan,nan,nan,nan,nan,nan,nan,nan,nan,nan,nan,nan,nan,nan,nan,nan,nan,nan,nan,nan,nan,nan,nan,nan,nan,nan,nan,nan,nan,nan,nan,nan,nan,nan,nan,nan,nan,nan,nan,nan,-1.279962021103804026e-01,-1.248618487549046918e-01,-1.153759699600120786e-01,-1.111855479815888476e-01,-1.069714767142811440e-01,-9.765652757202669676e-02,-8.512954288870321073e-02,-7.085606957019204011e-02,-5.448861849436667515e-02,-3.798795297596094939e-02,-2.443400358595953364e-02,-8.678931285624790284e-04,1.297267192364121371e-02,2.241385479704214104e-02,4.921214873851918747e-02,6.651457392504278587e-02,5.910448594674096862e-02,1.009726141888571543e-01,nan,nan,nan,nan,nan,nan,nan,nan
nan,nan,nan,nan,nan,nan,nan,nan,nan,nan,nan,nan,nan,nan,nan,nan,nan,nan,nan,nan,nan,nan,nan,nan,nan,nan,nan,nan,nan,nan,nan,nan,nan,nan,nan,nan,nan,nan,nan,nan,nan,nan,nan,nan,nan,nan,nan,nan,nan,nan,nan,nan,nan,nan,nan,nan,nan,nan,nan,nan,nan,nan,nan,nan,nan,nan,nan,nan,nan,nan,nan,nan,nan,nan,-1.302124675497226547e-01,nan,-1.344057565174366642e-01,-1.362110885154926843e-01,-1.381292828342217671e-01,-1.368327274926969817e-01,-1.324902510128869171e-01,-1.324824037919918873e-01,-1.259962940921257601e-01,-1.112858826144223628e-01,-9.144712369455008927e-02,-6.856221688271382786e-02,-5.527545580415161447e-02,-3.834301355437959996e-02,nan,nan,nan,nan,nan,nan,nan,nan,nan,nan,nan,nan
nan,nan,nan,nan,nan,nan,nan,nan,nan,nan,nan,nan,nan,nan,nan,nan,nan,nan,nan,nan,nan,nan,nan,nan,nan,nan,nan,nan,nan,nan,nan,nan,nan,nan,nan,nan,nan,nan,nan,nan,nan,nan,nan,nan,nan,nan,nan,nan,nan,nan,nan,nan,nan,nan,nan,nan,nan,nan,nan,nan,nan,nan,nan,nan,nan,nan,nan,nan,nan,nan,nan,nan,nan,nan,nan,nan,nan,-1.533075867424103511e-01,-1.592434554946252634e-01,-1.664440406720769650e-01,-1.772614583996442728e-01,-1.860921620361908890e-01,-1.906425037735568206e-01,-2.040088488770566977e-01,nan,nan,nan,nan,nan,nan,nan,nan,nan,nan,nan,nan,nan,nan,nan,nan
nan,nan,nan,nan,nan,nan,nan,nan,nan,nan,nan,nan,nan,nan,nan,nan,nan,nan,nan,nan,nan,nan,nan,nan,nan,nan,nan,nan,nan,nan,nan,nan,nan,nan,nan,nan,nan,nan,nan,nan,nan,nan,nan,nan,nan,nan,nan,nan,nan,nan,nan,nan,nan,nan,nan,nan,nan,nan,nan,nan,nan,nan,nan,nan,nan,nan,nan,nan,nan,nan,nan,nan,nan,nan,nan,nan,nan,nan,nan,nan,nan,nan,nan,nan,nan,nan,nan,nan,nan,nan,nan,nan,nan,nan,nan,nan,nan,nan,nan,nan
nan,nan,nan,nan,nan,nan,nan,nan,nan,nan,nan,nan,nan,nan,nan,nan,nan,nan,nan,nan,nan,nan,nan,nan,nan,nan,nan,nan,nan,nan,nan,nan,nan,nan,nan,nan,nan,nan,nan,nan,nan,nan,nan,nan,nan,nan,nan,nan,nan,nan,nan,nan,nan,nan,nan,nan,nan,nan,nan,nan,nan,nan,nan,nan,nan,nan,nan,nan,nan,nan,nan,nan,nan,nan,nan,nan,nan,nan,nan,nan,nan,nan,nan,nan,nan,nan,nan,nan,nan,nan,nan,nan,nan,nan,nan,nan,nan,nan,nan,nan
nan,nan,nan,nan,nan,nan,nan,nan,nan,nan,nan,nan,nan,nan,nan,nan,nan,nan,nan,nan,nan,nan,nan,nan,nan,nan,nan,nan,nan,nan,nan,nan,nan,nan,nan,nan,nan,nan,nan,nan,nan,nan,nan,nan,nan,nan,nan,nan,nan,nan,nan,nan,nan,nan,nan,nan,nan,nan,nan,nan,nan,nan,nan,nan,nan,nan,nan,nan,nan,nan,nan,nan,nan,nan,nan,nan,nan,nan,nan,nan,nan,nan,nan,nan,nan,nan,nan,nan,nan,nan,nan,nan,nan,nan,nan,nan,nan,nan,nan,nan
nan,nan,nan,nan,nan,nan,nan,nan,nan,nan,nan,nan,nan,nan,nan,nan,nan,nan,nan,nan,nan,nan,nan,nan,nan,nan,nan,nan,nan,nan,nan,nan,nan,nan,nan,nan,nan,nan,nan,nan,nan,nan,nan,nan,nan,nan,nan,nan,nan,nan,nan,nan,nan,nan,nan,nan,nan,nan,nan,nan,nan,nan,nan,nan,nan,nan,nan,nan,nan,nan,nan,nan,nan,nan,nan,nan,nan,nan,nan,nan,nan,nan,nan,nan,nan,nan,nan,nan,nan,nan,nan,nan,nan,nan,nan,nan,nan,nan,nan,nan
nan,nan,nan,nan,nan,nan,nan,nan,nan,nan,nan,nan,nan,nan,nan,nan,nan,nan,nan,nan,nan,nan,nan,nan,nan,nan,nan,nan,nan,nan,nan,nan,nan,nan,nan,nan,nan,nan,nan,nan,nan,nan,nan,nan,nan,nan,nan,nan,nan,nan,nan,nan,nan,nan,nan,nan,nan,nan,nan,nan,nan,nan,nan,nan,nan,nan,nan,nan,nan,nan,nan,nan,nan,nan,nan,nan,nan,nan,nan,nan,nan,nan,nan,nan,nan,nan,nan,nan,nan,nan,nan,nan,nan,nan,nan,nan,nan,nan,nan,nan
nan,nan,nan,nan,nan,nan,nan,nan,nan,nan,nan,nan,nan,nan,nan,nan,nan,nan,nan,nan,nan,nan,nan,nan,nan,nan,nan,nan,nan,nan,nan,nan,nan,nan,nan,nan,nan,nan,nan,nan,nan,nan,nan,nan,nan,nan,nan,nan,nan,nan,nan,nan,nan,nan,nan,nan,nan,nan,nan,nan,nan,nan,nan,nan,nan,nan,nan,nan,nan,nan,nan,nan,nan,nan,nan,nan,nan,nan,nan,nan,nan,nan,nan,nan,nan,nan,nan,nan,nan,nan,nan,nan,nan,nan,nan,nan,nan,nan,nan,nan
nan,nan,nan,nan,nan,nan,nan,nan,nan,nan,nan,nan,nan,nan,nan,nan,nan,nan,nan,nan,nan,nan,nan,nan,nan,nan,nan,nan,nan,nan,nan,nan,nan,nan,nan,nan,nan,nan,nan,nan,nan,nan,nan,nan,nan,nan,nan,nan,nan,nan,nan,nan,nan,nan,nan,nan,nan,nan,nan,nan,nan,nan,nan,nan,nan,nan,nan,nan,nan,nan,nan,nan,nan,nan,nan,nan,nan,nan,nan,nan,nan,nan,nan,nan,nan,nan,nan,nan,nan,nan,nan,nan,nan,nan,nan,nan,nan,nan,nan,nan
nan,nan,nan,nan,nan,nan,nan,nan,nan,nan,nan,nan,nan,nan,nan,nan,nan,nan,nan,nan,nan,nan,nan,nan,nan,nan,nan,nan,nan,nan,nan,nan,nan,nan,nan,nan,nan,nan,nan,nan,nan,nan,nan,nan,nan,nan,nan,nan,nan,nan,nan,nan,nan,nan,nan,nan,nan,nan,nan,nan,nan,nan,nan,nan,nan,nan,nan,nan,nan,nan,nan,nan,nan,nan,nan,nan,nan,nan,nan,nan,nan,nan,nan,nan,nan,nan,nan,nan,nan,nan,nan,nan,nan,nan,nan,nan,nan,nan,nan,nan
nan,nan,nan,nan,nan,nan,nan,nan,nan,nan,nan,nan,nan,nan,nan,nan,nan,nan,nan,nan,nan,nan,nan,nan,nan,nan,nan,nan,nan,nan,nan,nan,nan,nan,nan,nan,nan,nan,nan,nan,nan,nan,nan,nan,nan,nan,nan,nan,nan,nan,nan,nan,nan,nan,nan,nan,nan,nan,nan,nan,nan,nan,nan,nan,nan,nan,nan,nan,nan,nan,nan,nan,nan,nan,nan,nan,nan,nan,nan,nan,nan,nan,nan,nan,nan,nan,nan,nan,nan,nan,nan,nan,nan,nan,nan,nan,nan,nan,nan,nan
nan,nan,nan,nan,nan,nan,nan,nan,nan,nan,nan,nan,nan,nan,nan,nan,nan,nan,nan,nan,nan,nan,nan,nan,nan,nan,nan,nan,nan,nan,nan,nan,nan,nan,nan,nan,nan,nan,nan,nan,nan,nan,nan,nan,nan,nan,nan,nan,nan,nan,nan,nan,nan,nan,nan,nan,nan,nan,nan,nan,nan,nan,nan,nan,nan,nan,nan,nan,nan,nan,nan,nan,nan,nan,nan,nan,nan,nan,nan,nan,nan,nan,nan,nan,nan,nan,nan,nan,nan,nan,nan,nan,nan,nan,nan,nan,nan,nan,nan,nan
nan,nan,nan,nan,nan,nan,nan,nan,nan,nan,nan,nan,nan,nan,nan,nan,nan,nan,nan,nan,nan,nan,nan,nan,nan,nan,nan,nan,nan,nan,nan,nan,nan,nan,nan,nan,nan,nan,nan,nan,nan,nan,nan,nan,nan,nan,nan,nan,nan,nan,nan,nan,nan,nan,nan,nan,nan,nan,nan,nan,nan,nan,nan,nan,nan,nan,nan,nan,nan,nan,nan,nan,nan,nan,nan,nan,nan,nan,nan,nan,nan,nan,nan,nan,nan,nan,nan,nan,nan,nan,nan,nan,nan,nan,nan,nan,nan,nan,nan,nan
nan,nan,nan,nan,nan,nan,nan,nan,nan,nan,nan,nan,nan,nan,nan,nan,nan,nan,nan,nan,nan,nan,nan,nan,nan,nan,nan,nan,nan,nan,nan,nan,nan,nan,nan,nan,nan,nan,nan,nan,nan,nan,nan,nan,nan,nan,nan,nan,nan,nan,nan,nan,nan,nan,nan,nan,nan,nan,nan,nan,nan,nan,nan,nan,nan,nan,nan,nan,nan,nan,nan,nan,nan,nan,nan,nan,nan,nan,nan,nan,nan,nan,nan,nan,nan,nan,nan,nan,nan,nan,nan,nan,nan,nan,nan,nan,nan,nan,nan,nan
nan,nan,nan,nan,nan,nan,nan,nan,nan,nan,nan,nan,nan,nan,nan,nan,nan,nan,nan,nan,nan,nan,nan,nan,nan,nan,nan,nan,nan,nan,nan,nan,nan,nan,nan,nan,nan,nan,nan,nan,nan,nan,nan,nan,nan,nan,nan,nan,nan,nan,nan,nan,nan,nan,nan,nan,nan,nan,nan,nan,nan,nan,nan,nan,nan,nan,nan,nan,nan,nan,nan,nan,nan,nan,nan,nan,nan,nan,nan,nan,nan,nan,nan,nan,nan,nan,nan,nan,nan,nan,nan,nan,nan,nan,nan,nan,nan,nan,nan,nan
nan,nan,nan,nan,nan,nan,nan,nan,nan,nan,nan,nan,nan,nan,nan,nan,nan,nan,nan,nan,nan,nan,nan,nan,nan,nan,nan,nan,nan,nan,nan,nan,nan,nan,nan,nan,nan,nan,nan,nan,nan,nan,nan,nan,nan,nan,nan,nan,nan,nan,nan,nan,nan,nan,nan,nan,nan,nan,nan,nan,nan,nan,nan,nan,nan,nan,nan,nan,nan,nan,nan,nan,nan,nan,nan,nan,nan,nan,nan,nan,nan,nan,nan,nan,nan,nan,nan,nan,nan,nan,nan,nan,nan,nan,nan,nan,nan,nan,nan,nan
nan,nan,nan,nan,nan,nan,nan,nan,nan,nan,nan,nan,nan,nan,nan,nan,nan,nan,nan,nan,nan,nan,nan,nan,nan,nan,nan,nan,nan,nan,nan,nan,nan,nan,nan,nan,nan,nan,nan,nan,nan,nan,nan,nan,nan,nan,nan,nan,nan,nan,nan,nan,nan,nan,nan,nan,nan,nan,nan,nan,nan,nan,nan,nan,nan,nan,nan,nan,nan,nan,nan,nan,nan,nan,nan,nan,nan,nan,nan,nan,nan,nan,nan,nan,nan,nan,nan,nan,nan,nan,nan,nan,nan,nan,nan,nan,nan,nan,nan,nan
nan,nan,nan,nan,nan,nan,nan,nan,nan,nan,nan,nan,nan,nan,nan,nan,nan,nan,nan,nan,nan,nan,nan,nan,nan,nan,nan,nan,nan,nan,nan,nan,nan,nan,nan,nan,nan,nan,nan,nan,nan,nan,nan,nan,nan,nan,nan,nan,nan,nan,nan,nan,nan,nan,nan,nan,nan,nan,nan,nan,nan,nan,nan,nan,nan,nan,nan,nan,nan,nan,nan,nan,nan,nan,nan,nan,nan,nan,nan,nan,nan,nan,nan,nan,nan,nan,nan,nan,nan,nan,nan,nan,nan,nan,nan,nan,nan,nan,nan,nan
nan,nan,nan,nan,nan,nan,nan,nan,nan,nan,nan,nan,nan,nan,nan,nan,nan,nan,nan,nan,nan,nan,nan,nan,nan,nan,nan,nan,nan,nan,nan,nan,nan,nan,nan,nan,nan,nan,nan,nan,nan,nan,nan,nan,nan,nan,nan,nan,nan,nan,nan,nan,nan,nan,nan,nan,nan,nan,nan,nan,nan,nan,nan,nan,nan,nan,nan,nan,nan,nan,nan,nan,nan,nan,nan,nan,nan,nan,nan,nan,nan,nan,nan,nan,nan,nan,nan,nan,nan,nan,nan,nan,nan,nan,nan,nan,nan,nan,nan,nan
nan,nan,nan,nan,nan,nan,nan,nan,nan,nan,nan,nan,nan,nan,nan,nan,nan,nan,nan,nan,nan,nan,nan,nan,nan,nan,nan,nan,nan,nan,nan,nan,nan,nan,nan,nan,nan,nan,nan,nan,nan,nan,nan,nan,nan,nan,nan,nan,nan,nan,nan,nan,nan,nan,nan,nan,nan,nan,nan,nan,nan,nan,nan,nan,nan,nan,nan,nan,nan,nan,nan,nan,nan,nan,nan,nan,nan,nan,nan,nan,nan,nan,nan,nan,nan,nan,nan,nan,nan,nan,nan,nan,nan,nan,nan,nan,nan,nan,nan,nan
5.334505927988153484e-01,5.699077853850950115e-01,5.724663220642598471e-01,5.631061834504451635e-01,nan,nan,nan,nan,nan,nan,nan,nan,nan,nan,nan,nan,nan,nan,nan,nan,nan,nan,nan,nan,nan,nan,nan,nan,nan,nan,nan,nan,nan,nan,nan,nan,nan,nan,nan,nan,nan,nan,nan,nan,nan,nan,nan,nan,nan,nan,nan,nan,nan,nan,nan,nan,nan,nan,nan,nan,nan,nan,nan,nan,nan,nan,nan,nan,nan,nan,nan,nan,nan,nan,nan,nan,nan,nan,nan,nan,nan,nan,nan,nan,nan,nan,nan,nan,nan,nan,nan,nan,nan,nan,nan,nan,nan,3.248301517631149715e-01,4.146701437282241942e-01,4.663624347374119572e-01
3.661181358941954511e-01,4.006775600082544408e-01,4.115130258762050852e-01,4.140414394129402487e-01,4.128932050898163064e-01,3.832110122897101623e-01,nan,nan,nan,nan,nan,nan,nan,nan,nan,nan,nan,nan,nan,nan,nan,nan,nan,nan,nan,nan,nan,nan,nan,nan,nan,nan,nan,nan,nan,nan,nan,nan,nan,nan,nan,nan,nan,nan,nan,nan,nan,nan,nan,nan,nan,nan,nan,nan,nan,nan,nan,nan,nan,nan,nan,nan,nan,nan,nan,nan,nan,nan,nan,nan,nan,nan,nan,nan,nan,nan,nan,nan,nan,nan,nan,nan,nan,nan,nan,nan,nan,nan,nan,nan,nan,nan,nan,nan,nan,7.704646029097439452e-02,1.427091255975452833e-01,2.048507116880729506e-01,2.627989004105533710e-01,3.116524524854163980e-01
2.190092042615768841e-01,2.537348057234586896e-01,2.684368048587680300e-01,2.781048938137236082e-01,2.853492273009602953e-01,2.976206310236954589e-01,nan,nan,nan,nan,nan,nan,nan,nan,nan,nan,nan,nan,nan,nan,nan,nan,nan,nan,nan,nan,nan,nan,nan,nan,nan,nan,nan,nan,nan,nan,nan,nan,nan,nan,nan,nan,nan,nan,nan,nan,nan,nan,nan,nan,nan,nan,nan,nan,nan,nan,nan,nan,nan,nan,nan,nan,nan,nan,nan,nan,nan,nan,nan,nan,nan,nan,nan,nan,nan,nan,nan,nan,nan,nan,nan,nan,nan,nan,nan,nan,nan,nan,nan,nan,nan,nan,nan,nan,nan,-1.633837504608270236e-02,2.899718560048304000e-02,8.042387721857535698e-02,1.285403790988600692e-01,1.704324050470984453e-01
9.419509478673152025e-02,1.321536025957328331e-01,1.525366840393119205e-01,1.702850319664266088e-01,1.865335159012234678e-01,2.007153633611922505e-01,2.025463143228046770e-01,nan,nan,nan,nan,nan,nan,nan,nan,nan,nan,nan,nan,nan,nan,nan,nan,nan,nan,nan,nan,nan,nan,nan,nan,nan,nan,nan,nan,nan,nan,nan,nan,nan,nan,nan,nan,nan,nan,nan,nan,nan,nan,nan,nan,nan,nan,nan,nan,nan,nan,nan,nan,nan,nan,nan,nan,nan,nan,nan,nan,nan,nan,nan,nan,nan,nan,nan,nan,nan,nan,nan,nan,nan,nan,nan,nan,nan,nan,nan,nan,nan,nan,nan,nan,nan,nan,nan,-1.767786049065523668e-01,-1.201051613243138277e-01,-7.371534962963596782e-02,-2.998363306369657491e-02,1.086404029552182592e-02,4.782927476068817713e-02
-1.401974513210259114e-02,2.972831359192141740e-02,5.684585848382597145e-02,8.311817779494037883e-02,1.091279566118618788e-01,1.372537976340534038e-01,1.670249751760713164e-01,nan,nan,nan,nan,nan,nan,nan,nan,nan,nan,nan,nan,nan,nan,nan,nan,nan,nan,nan,nan,nan,nan,nan,nan,nan,nan,nan,nan,nan,nan,nan,nan,nan,nan,nan,nan,nan,nan,nan,nan,nan,nan,nan,nan,nan,nan,nan,nan,nan,nan,nan,nan,nan,nan,nan,nan,nan,nan,nan,nan,nan,nan,nan,nan,nan,nan,nan,nan,nan,nan,nan,nan,nan,nan,nan,nan,nan,nan,nan,nan,nan,nan,nan,nan,nan,nan,-2.648063515960958347e-01,-2.453062952573656363e-01,-2.023795175886410058e-01,-1.686088774431548643e-01,-1.317753064766148119e-01,-9.568502874416878745e-02,-6.127782897126936995e-02
-1.146321754404065196e-01,-6.315259612053711336e-02,-2.836923687772719554e-02,7.154617316356768307e-03,4.324419353295443080e-02,7.979925317906878812e-02,nan,nan,nan,nan,nan,nan,nan,nan,nan,nan,nan,nan,nan,nan,nan,nan,nan,nan,nan,nan,nan,nan,nan,nan,nan,nan,nan,nan,nan,nan,nan,nan,nan,nan,nan,nan,nan,nan,nan,nan,nan,nan,nan,nan,nan,nan,nan,nan,nan,nan,nan,nan,nan,nan,nan,nan,nan,nan,nan,nan,nan,nan,nan,nan,nan,nan,nan,nan,nan,nan,nan,nan,nan,nan,nan,nan,nan,nan,nan,nan,nan,nan,nan,nan,nan,nan,nan,nan,nan,-2.933287985923866970e-01,-2.645150771354761177e-01,-2.324689270993834933e-01,-1.991655668149697744e-01,-1.653061642974380518e-01
-2.153102233908606167e-01,-1.548841396552316230e-01,-1.115964678001021976e-01,-6.599659687713020639e-02,-1.968964321184669269e-02,nan,nan,nan,nan,nan,nan,nan,nan,nan,nan,nan,nan,nan,nan,nan,nan,nan,nan,nan,nan,nan,nan,nan,nan,nan,nan,nan,nan,nan,nan,nan,nan,nan,nan,nan,nan,nan,nan,nan,nan,nan,nan,nan,nan,nan,nan,nan,nan,nan,nan,nan,nan,nan,nan,nan,nan,nan,nan,nan,nan,nan,nan,nan,nan,nan,nan,nan,nan,nan,nan,nan,nan,nan,nan,nan,nan,nan,nan,nan,nan,nan,nan,nan,nan,nan,nan,nan,nan,nan,nan,nan,-3.647672943366312981e-01,-3.361861179895196949e-01,-3.046970625537644417e-01,-2.706052644987922973e-01
-3.223740376843893252e-01,-2.533332386499076438e-01,-2.010579963348511634e-01,-1.422177918111136585e-01,-8.030995067935808862e-02,nan,nan,nan,nan,nan,nan,nan,nan,nan,nan,nan,nan,nan,nan,nan,nan,nan,nan,nan,nan,nan,nan,nan,nan,nan,nan,nan,nan,nan,nan,nan,nan,nan,nan,nan,nan,nan,nan,nan,nan,nan,nan,nan,nan,nan,nan,nan,nan,nan,nan,nan,nan,nan,nan,nan,nan,nan,nan,nan,nan,nan,nan,nan,nan,nan,nan,nan,nan,nan,nan,nan,nan,nan,nan,nan,nan,nan,nan,nan,nan,nan,nan,nan,nan,nan,nan,nan,nan,nan,nan,nan,-4.512207418522216629e-01,-4.402624916829431800e-01,-4.147465968707205741e-01,-3.818134550099394620e-01
-4.385767499069062048e-01,-3.631511650229538590e-01,-3.092742562125532224e-01,nan,nan,nan,nan,nan,nan,nan,nan,nan,nan,nan,nan,nan,nan,nan,nan,nan,nan,nan,nan,nan,nan,nan,nan,nan,nan,nan,nan,nan,nan,nan,nan,nan,nan,nan,nan,nan,nan,nan,nan,nan,nan,nan,nan,nan,nan,nan,nan,nan,nan,nan,nan,nan,nan,nan,nan,nan,nan,nan,nan,nan,nan,nan,nan,nan,nan,nan,nan,nan,nan,nan,nan,nan,nan,nan,nan,nan,nan,nan,nan,nan,nan,nan,nan,nan,nan,nan,nan,nan,nan,nan,nan,nan,nan,nan,-5.341427441360104833e-01,-4.961631934760419305e-01
nan,nan,nan,nan,nan,nan,nan,nan,nan,nan,nan,nan,nan,nan,nan,nan,nan,nan,nan,nan,nan,nan,nan,nan,nan,nan,nan,nan,nan,nan,nan,nan,nan,nan,nan,nan,nan,nan,nan,nan,nan,nan,nan,nan,nan,nan,nan,nan,nan,nan,nan,nan,nan,nan,nan,nan,nan,nan,nan,nan,nan,nan,nan,nan,nan,nan,nan,nan,nan,nan,nan,nan,nan,nan,nan,nan,nan,nan,nan,nan,nan,nan,nan,nan,nan,nan,nan,nan,nan,nan,nan,nan,nan,nan,nan,nan,nan,nan,nan,nan
nan,nan,nan,nan,nan,nan,nan,nan,nan,nan,nan,nan,nan,nan,nan,nan,nan,nan,nan,nan,nan,nan,nan,nan,nan,nan,nan,nan,nan,nan,nan,nan,nan,nan,nan,nan,nan,nan,nan,nan,nan,nan,nan,nan,nan,nan,nan,nan,nan,nan,nan,nan,nan,nan,nan,nan,nan,nan,nan,nan,nan,nan,nan,nan,nan,nan,nan,nan,nan,nan,nan,nan,nan,nan,nan,nan,nan,nan,nan,nan,nan,nan,nan,nan,nan,nan,nan,nan,nan,nan,nan,nan,nan,nan,nan,nan,nan,nan,nan,nan
nan,nan,nan,nan,nan,nan,nan,nan,nan,nan,nan,nan,nan,nan,nan,nan,nan,nan,nan,nan,nan,nan,nan,nan,nan,nan,nan,nan,nan,nan,nan,nan,nan,nan,nan,4.187269480962950152e-01,nan,4.457249519970332696e-01,4.551197503663103605e-01,4.673385781697502739e-01,4.734596702688038117e-01,4.799038526096621182e-01,4.875513114617344157e-01,4.916308361017957540e-01,4.915678874286618094e-01,nan,nan,nan,nan,nan,nan,nan,nan,nan,nan,nan,-8.223196811662249184e-06,-1.435554128738650577e-05,-2.152191500191735979e-05,-3.585444218836503167e-05,-6.008986869728465884e-05,-9.674303808745261715e-05,-1.428555209837415265e-04,-2.214889402496740903e-04,-3.640183623794545384e-04,-5.682631106875259347e-04,nan,nan,nan,nan,nan,nan,nan,nan,nan,nan,nan,nan,nan,nan,nan,nan,nan,nan,nan,nan,nan,nan,nan,nan,nan,nan,nan,nan,nan,nan,nan,nan,nan,nan
nan,nan,nan,nan,nan,nan,nan,nan,nan,nan,nan,nan,nan,nan,nan,nan,nan,nan,nan,nan,nan,nan,nan,nan,nan,nan,nan,nan,nan,nan,3.360882046010976731e-01,3.440888473837399597e-01,3.516680657699842172e-01,3.706123205765979867e-01,3.759180200503222657e-01,3.890822045109128546e-01,4.000679473045507528e-01,4.140926994965571373e-01,4.267847883059608383e-01,4.393332206171443044e-01,4.512389615209349003e-01,4.600613978890540912e-01,4.669835204061323908e-01,4.700693965818573128e-01,4.718871924097475801e-01,4.703499275128312229e-01,4.670365816702987116e-01,4.594116401072165234e-01,4.531656835658834370e-01,4.299076874088759159e-01,2.737982254974981600e-01,-3.641401423631576627e-07,-6.649467330132566904e-07,-1.204660695027154522e-06,-2.218987071295995725e-06,-3.744881251367933952e-06,-6.481214511538220515e-06,-1.052370515772997861e-05,-1.787021704816334398e-05,-2.943773289869148628e-05,-4.702818426317509608e-05,-7.707238914802944378e-05,-1.208398002661833712e-04,-1.861274827113298534e-04,-2.970740305890001189e-04,-4.385972476709413073e-04,-6.659112694664686034e-04,-9.546524803463651756e-04,-1.592068121709807249e-03,-2.067801375533071407e-03,-3.042271221819307318e-03,nan,nan,nan,nan,nan,nan,nan,nan,nan,nan,nan,nan,nan,nan,nan,nan,nan,nan,nan,nan,nan,nan,nan,nan,nan,nan,nan,nan,nan
nan,nan,nan,nan,nan,nan,nan,nan,nan,nan,nan,nan,nan,nan,nan,nan,nan,nan,nan,nan,nan,nan,nan,nan,nan,nan,nan,nan,2.994109454306192464e-01,2.977564586706321625e-01,3.040744861529347531e-01,2.985993044073776415e-01,3.052797229197988793e-01,3.151273850001406474e-01,3.265661040857383846e-01,3.423502847190426079e-01,3.560326153705463126e-01,3.720731538773263125e-01,3.881907334970882140e-01,4.036679373706972274e-01,4.172371303823377287e-01,4.284361733486199419e-01,4.358357990451207087e-01,4.399537356314058290e-01,4.391809559969556687e-01,4.347180539384712938e-01,4.289783355646975549e-01,4.205560372134992675e-01,4.011753662301371648e-01,3.564419470856996508e-01,2.015408167045845689e-01,5.188031229269548378e-02,1.100391922843735500e-02,8.342595009217514080e-04,5.067581137466502846e-04,1.406289028634408449e-03,5.792204527987192828e-04,1.135448387773690865e-05,5.448218467566074108e-05,-2.177694826786141270e-05,-3.550104523253590845e-05,-5.698505212771885292e-05,-9.073170115173421612e-05,-1.410413249297191786e-04,-2.202763246647872046e-04,-3.344126990326474363e-04,-5.124211412194398883e-04,-7.646785129772460483e-04,-1.090777896767868753e-03,-1.683816190307668150e-03,-2.896627621874432301e-03,-3.692719542444114489e-03,-4.797386992673194350e-03,nan,nan,nan,nan,nan,nan,nan,nan,nan,nan,nan,nan,nan,nan,nan,nan,nan,nan,nan,nan,nan,nan,nan,nan,nan,nan,nan
nan,nan,nan,nan,nan,nan,nan,nan,nan,nan,nan,nan,nan,nan,nan,nan,nan,nan,nan,nan,nan,nan,nan,nan,nan,nan,nan,nan,nan,nan,2.496532402185399901e-01,2.475448942661627738e-01,2.487010769288733325e-01,2.539196765737758432e-01,2.634874690941170217e-01,2.763266855736865590e-01,2.920355027869954712e-01,3.098811970968329832e-01,3.283318117669080660e-01,3.461912328929216409e-01,3.622416808433476798e-01,3.752227805364024560e-01,3.842143001314168305e-01,3.886468098827388640e-01,3.887789560313145154e-01,3.847322942424867276e-01,3.770799661879619125e-01,3.665091242906788338e-01,3.502813358660211707e-01,2.993865156013876261e-01,1.730667487471226618e-01,5.039872671825359335e-02,7.366151327443697626e-03,1.645417386000381978e-03,5.875945483013421400e-04,1.958671559418609734e-04,1.026575206045557246e-04,1.121047797779343579e-04,4.329906560022685652e-05,1.772736172521170557e-05,-1.463040391403602446e-05,-3.995092799469501967e-05,-6.350779107984559201e-05,-1.029788516390606803e-04,-1.603910913561902888e-04,-2.461354437896853668e-04,-3.754480885353624325e-04,-5.651709700119770304e-04,-8.464704902468902755e-04,-1.267737174165486621e-03,-1.789754521153014578e-03,-2.971858997225853508e-03,nan,nan,nan,nan,nan,nan,nan,nan,nan,nan,nan,nan,nan,nan,nan,nan,nan,nan,nan,nan,nan,nan,nan,nan,nan,nan,nan,nan
nan,nan,nan,nan,nan,nan,nan,nan,nan,nan,nan,nan,nan,nan,nan,nan,nan,nan,nan,nan,nan,nan,nan,nan,nan,nan,nan,nan,nan,2.129372999786268705e-01,1.973086716383107009e-01,1.840066720278242807e-01,1.783786695202000949e-01,1.777381425768145007e-01,1.824780383323647004e-01,1.924012067064470866e-01,2.065236652830578501e-01,2.241420464973427062e-01,2.433173765861184334e-01,2.625817503206852033e-01,2.803443568995905855e-01,2.952290716596663867e-01,3.060931553089748514e-01,3.124090843396946648e-01,3.141160835082276170e-01,3.116658288371689234e-01,3.057326155788328004e-01,2.966595944505738269e-01,2.823155271175174508e-01,2.457313451499067436e-01,1.378835119526924946e-01,3.400425838100088610e-02,6.089507648773761356e-03,1.166296617445399322e-03,2.720052001669652194e-04,1.012546806042426725e-04,5.128380330412097269e-05,2.889126766597538445e-05,1.870883887847693813e-05,1.724239331030392045e-05,7.304874253826504918e-06,-5.844227699669011702e-06,-2.815956543129515476e-05,-6.888997237280706696e-05,-1.135134983729043420e-04,-1.752549888668894821e-04,-2.675989166741462254e-04,-4.059177271658364391e-04,-6.042679469239654747e-04,-8.956782086602844842e-04,-1.298520893391754728e-03,-1.827345971833813478e-03,nan,nan,nan,nan,nan,nan,nan,nan,nan,nan,nan,nan,nan,nan,nan,nan,nan,nan,nan,nan,nan,nan,nan,nan,nan,nan,nan,nan
nan,nan,nan,nan,nan,nan,nan,nan,nan,nan,nan,nan,nan,nan,nan,nan,nan,nan,nan,nan,nan,nan,nan,nan,nan,nan,nan,nan,2.026957720906449878e-01,1.781041445717239380e-01,1.512565834417237964e-01,1.292880226649018582e-01,1.099049278427221138e-01,9.899323267376390623e-02,9.447077971049658296e-02,9.768016338423374245e-02,1.070692022901469781e-01,1.214645513695452733e-01,1.390219211773431884e-01,1.578119644150562939e-01,1.760533669894829845e-01,1.921647802597763188e-01,2.049374834997003125e-01,2.136268251197517287e-01,2.180918624948712248e-01,2.186210886792347152e-01,2.158387223333737559e-01,2.102724043567757994e-01,2.005477588011319590e-01,1.745937893601219593e-01,9.809021220486062453e-02,2.435477967842034422e-02,4.342419548652916642e-03,8.481440860170427753e-04,2.186459563153266559e-04,8.000875614209679548e-05,3.975494127250981145e-05,2.549398525488952972e-05,1.722605493735929912e-05,1.426648089004844313e-05,1.232374025227412290e-05,1.122714464233712884e-05,-5.923926536596856322e-07,-2.619864335090924085e-05,-6.708707337551989675e-05,-1.187080799957908642e-04,-1.860709390194883453e-04,-2.830825432783747996e-04,-4.244298921959005315e-04,-6.366929228359008040e-04,-9.164230479656972550e-04,-1.308965402176351508e-03,-1.739011063146496004e-03,-2.545357289100678554e-03,nan,nan,nan,nan,nan,nan,nan,nan,nan,nan,nan,nan,nan,nan,nan,nan,nan,nan,nan,nan,nan,nan,nan,nan,nan,nan
nan,nan,nan,nan,nan,nan,nan,nan,nan,nan,nan,nan,nan,nan,nan,nan,nan,nan,nan,nan,nan,nan,nan,nan,nan,nan,2.656093266116874574e-01,2.342125073724599937e-01,2.012933925210753650e-01,1.593997315506554824e-01,1.214738373146910383e-01,8.393836660315352749e-02,5.277764585590016128e-02,2.919227752950185120e-02,1.376526794589705456e-02,7.239745972098428350e-03,8.666009002147805063e-03,1.688219888510187131e-02,2.993666761547238500e-02,4.594735272764550321e-02,6.281980420652481800e-02,7.885521135689005368e-02,9.267701641861372797e-02,1.034325811517547711e-01,1.108025626797075891e-01,1.148953507325313622e-01,1.161732528046313245e-01,1.151711196938246945e-01,1.111913137527153622e-01,9.717092754339647087e-02,5.568758544057376969e-02,1.498224271424042874e-02,2.912930115534974589e-03,6.285986573369987040e-04,1.837547867207047793e-04,7.362522107664830806e-05,3.854499867863914387e-05,2.574454598509096965e-05,2.079493386197695643e-05,2.144220595313417783e-05,2.303551349512717890e-05,2.872761825459547641e-05,4.626593931798286368e-05,3.004132015266843361e-05,-3.105375071956303418e-05,-7.375367201536312618e-05,-1.233256737139701395e-04,-1.908236309343299948e-04,-2.868311703587826146e-04,-4.294226597409667146e-04,-6.379708475287410550e-04,-9.136941310680560908e-04,-1.307450966053919734e-03,-1.784907063696415620e-03,-2.640602299250139565e-03,nan,nan,nan,nan,nan,nan,nan,nan,nan,nan,nan,nan,nan,nan,nan,nan,nan,nan,nan,nan,nan,nan,nan,nan,nan
nan,nan,nan,nan,nan,nan,nan,nan,nan,nan,nan,nan,nan,nan,nan,nan,nan,nan,nan,nan,nan,nan,nan,nan,nan,3.142366431210821265e-01,2.837496343307011615e-01,2.508497606403892188e-01,2.071838997974966567e-01,1.612648244004894205e-01,1.132890921830405351e-01,6.686706104967675424e-02,2.319858483508587671e-02,-1.318138812984943550e-02,-4.139265060936754559e-02,-6.015915152239341424e-02,-6.974328139648741653e-02,-7.087435455251325789e-02,-6.528239933484655810e-02,-5.491784674181290210e-02,-4.184832908258837025e-02,-2.787392978506503943e-02,-1.453818192148757620e-02,-2.856167850418179187e-03,6.618411121076570036e-03,1.382994518510308364e-02,1.901730912750771579e-02,2.257529860148258655e-02,2.458702751567438255e-02,2.344714071554240484e-02,1.499452116734678250e-02,5.044014376083772941e-03,1.236434539726726217e-03,3.221318980572965740e-04,1.048108297844413346e-04,4.335890174406158989e-05,2.267316576711263341e-05,1.394245329907662262e-05,1.053712585581870453e-05,9.379418249722317467e-06,7.887986006856782261e-06,4.475573079379321940e-06,2.992570548633585560e-06,-1.082352533045653889e-05,-3.094185582027550127e-05,-5.026927483846922615e-05,-8.102349746010425102e-05,-1.242637770905042488e-04,-1.879665444749396581e-04,-2.838711600354619806e-04,-4.235996913717126819e-04,-6.139116452915487901e-04,-9.006010898123512467e-04,-1.301534548038898792e-03,-1.724569691827102565e-03,-2.129524020208646215e-03,nan,nan,nan,nan,nan,nan,nan,nan,nan,nan,nan,nan,nan,nan,nan,nan,nan,nan,nan,nan,nan,nan,nan,nan
nan,nan,nan,nan,nan,nan,nan,nan,nan,nan,nan,nan,nan,nan,nan,nan,nan,nan,nan,nan,nan,nan,nan,3.268817940500693964e-01,3.274227941044156598e-01,3.180606854213631762e-01,2.971752801611596828e-01,2.672597073134922452e-01,2.292067070164528486e-01,1.850777729044595088e-01,1.337913648851441761e-01,8.221533423284793640e-02,3.156043999738196437e-02,-1.519297469661500671e-02,-5.523090770195449722e-02,-8.681535954452269943e-02,-1.090833714201968480e-01,-1.221578623858864260e-01,-1.268207702137220394e-01,-1.250713452657810365e-01,-1.187832060568671383e-01,-1.096659393326489818e-01,-9.930386487840997534e-02,-8.890739245932353929e-02,-7.920826979998424333e-02,-7.054330830775074057e-02,-6.283655664524519235e-02,-5.567895105283182655e-02,-4.791735956940413460e-02,-3.679404063721157525e-02,-2.033284295189094829e-02,-6.953077127252505624e-03,-1.873332231066402028e-03,-5.477212981999976093e-04,-2.039445370500197281e-04,-1.017578616972905972e-04,-6.834146671103039279e-05,-5.992446153234525072e-05,-6.729335348172789128e-05,-8.865970689833158405e-05,-1.286783220391134652e-04,-1.870078148513574709e-04,-3.086553943078693065e-04,-3.255498289997593654e-04,-1.299912745675416181e-04,-4.625827092739581665e-05,-5.072662556780715200e-05,-7.808580346547582809e-05,-1.191091967098974359e-04,-1.803890881286515765e-04,-2.692053160771156069e-04,-4.035800878113203981e-04,-5.864782571972088207e-04,-8.559871723667863194e-04,-1.214564451047208922e-03,-1.864766479004096710e-03,-2.393710140868757046e-03,-3.525714165781971589e-03,nan,nan,nan,nan,nan,nan,nan,nan,nan,nan,nan,nan,nan,nan,nan,nan,nan,nan,nan,nan,nan,nan
nan,nan,nan,nan,nan,nan,nan,nan,nan,nan,nan,nan,nan,nan,nan,nan,nan,nan,nan,nan,nan,nan,2.632739262124551005e-01,3.000246129748115331e-01,3.078540322488366177e-01,3.080325047801078520e-01,3.004344658322372630e-01,2.838052113398167875e-01,2.560209024707778558e-01,2.192714791481385483e-01,1.748560724932934074e-01,1.265772807057966021e-01,7.475916844454282006e-02,2.405276116212902784e-02,-2.330957229702591837e-02,-6.458600172319087229e-02,-9.825935182404778312e-02,-1.233540797859847549e-01,-1.397892582118592519e-01,-1.487232365266227541e-01,-1.517232211303616296e-01,-1.502675564113311879e-01,-1.458722657163270819e-01,-1.397784326637435126e-01,-1.328961004569264581e-01,-1.257104222310965747e-01,-1.182309798320985983e-01,-1.098248817370831437e-01,-9.823209210597295959e-02,-7.849463807551462780e-02,-4.824121138900393235e-02,-2.093138859806036381e-02,-7.467901668325232709e-03,-2.733660635988848561e-03,-1.183583889627346604e-03,-6.267882831362793722e-04,-4.146348665879350253e-04,-3.365434622036402902e-04,-3.293193167430464056e-04,-3.733900770623173847e-04,-4.473278255426461469e-04,-5.043528931186888262e-04,-6.389885628978444945e-04,-4.074342909127516544e-04,-9.715871637782553009e-05,-2.597940687701269288e-05,-3.038145805729729521e-05,-4.704825859762038246e-05,-7.263428317888577274e-05,-1.110129395011291969e-04,-1.673777527214805169e-04,-2.530008923650690152e-04,-3.760428975318105263e-04,-5.527624939350082823e-04,-8.053606119241174706e-04,-1.152516756708520844e-03,-1.696673464297986230e-03,-2.375141288064278045e-03,-3.093904138459503163e-03,nan,nan,nan,nan,nan,nan,nan,nan,nan,nan,nan,nan,nan,nan,nan,nan,nan,nan,nan,nan,nan
nan,nan,nan,nan,nan,nan,nan,nan,nan,nan,nan,nan,nan,nan,nan,nan,nan,nan,nan,nan,nan,1.884512182673608593e-01,2.082096354036177543e-01,2.343503953903839365e-01,2.578353645749572043e-01,2.721652303501582160e-01,2.816869869292912276e-01,2.807466312362474903e-01,2.696914172067687576e-01,2.484543047654726167e-01,2.172715137942985431e-01,1.781668718893436587e-01,1.331736632269218956e-01,8.540452886813383604e-02,3.763595880795547050e-02,-7.107855343776442805e-03,-4.687745233899220931e-02,-8.020463477705701283e-02,-1.062303661187480458e-01,-1.250777044944601790e-01,-1.376226740127794446e-01,-1.449880137185164675e-01,-1.485214817623438932e-01,-1.493995687164847985e-01,-1.485062013141465187e-01,-1.463180082046129649e-01,-1.426802931772088723e-01,-1.366366624309919287e-01,-1.252098212866176730e-01,-1.029390894907306203e-01,-6.876720311099827898e-02,-3.559086124419944680e-02,-1.562581262326006096e-02,-6.810249847745072048e-03,-3.237308298832764462e-03,-1.731180654457390323e-03,-1.116337932644579636e-03,-8.432145800634630907e-04,-7.144121518117117374e-04,-6.346295186788078555e-04,-5.725884376376570847e-04,-4.848730176289916139e-04,-3.726917636116639995e-04,-1.188580546636736995e-04,-2.318206528592000706e-05,-1.326977001959477316e-05,-1.768176795895589010e-05,-2.765722270790062342e-05,-4.293862726323426169e-05,-6.621706137563271853e-05,-1.014666752805043460e-04,-1.537070204425950153e-04,-2.319163393982518330e-04,-3.472203440329269019e-04,-5.123973957741977505e-04,-7.379625252697628998e-04,-1.097672482363480379e-03,-1.522791199648313842e-03,-2.053985299064048625e-03,-2.412722946872049475e-03,nan,nan,nan,nan,nan,nan,nan,nan,nan,nan,nan,nan,nan,nan,nan,nan,nan,nan,nan,nan
nan,nan,nan,nan,nan,nan,nan,nan,nan,nan,nan,nan,nan,nan,nan,nan,nan,nan,nan,nan,6.653271893462237019e-02,8.018150915094100772e-02,1.247841559203320821e-01,1.509376710117144305e-01,1.772046644859130160e-01,2.038602574632578102e-01,2.254684899555793598e-01,2.413912497303919158e-01,2.484720731699000262e-01,2.451577677969751790e-01,2.309354358655070216e-01,2.066020035220171858e-01,1.739494860219244210e-01,1.355620652669575210e-01,9.423746523163081812e-02,5.279892993678652474e-02,1.366316623802489583e-02,-2.125870835010519946e-02,-5.089815893528588930e-02,-7.505163536150678827e-02,-9.389843931238055219e-02,-1.082830319327408031e-01,-1.191296685352269402e-01,-1.275414376847261444e-01,-1.343072222069303934e-01,-1.397089426767313958e-01,-1.433839600661001024e-01,-1.437278278213683091e-01,-1.373804907042708301e-01,-1.181396475096938153e-01,-8.483914659736323249e-02,-4.914744944417365202e-02,-2.437325592126713195e-02,-1.165476249248704327e-02,-5.676165674597190985e-03,-2.964966172735895768e-03,-1.695398915183972312e-03,-1.074413528826607695e-03,-6.901316826400379989e-04,-4.119643451801165471e-04,-2.808204134596184692e-04,-1.419225662079998660e-04,-5.999806857342725457e-05,-1.011410884378620440e-05,-4.187818917037848678e-06,-6.330236103563067868e-06,-1.007648443778257224e-05,-1.594308698513628378e-05,-2.503382937218925867e-05,-3.901522502888847929e-05,-6.033809196119093815e-05,-9.256497087094134346e-05,-1.408657142486528444e-04,-2.122863912730366283e-04,-3.196414394550344397e-04,-4.757392887242928260e-04,-6.924225567484711564e-04,-1.045121263835000489e-03,-1.497450925414925893e-03,-1.969211030006680092e-03,-2.409887397984191923e-03,nan,nan,nan,nan,nan,nan,nan,nan,nan,nan,nan,nan,nan,nan,nan,nan,nan,nan,nan
nan,nan,nan,nan,nan,nan,nan,nan,nan,nan,nan,nan,nan,nan,nan,nan,nan,nan,nan,-3.814994280313157432e-02,-1.504007385579740619e-02,3.306591743797536800e-03,8.848891751711345302e-03,3.223937579422014865e-02,6.460636444442866000e-02,9.918335449591038355e-02,1.315620782528424126e-01,1.603669372642884394e-01,1.813945514284767135e-01,1.929876724410145017e-01,1.942346099922686586e-01,1.848954437113622118e-01,1.662642339133900138e-01,1.403982929727239370e-01,1.098982375253248489e-01,7.745593193663216636e-02,4.550451029267481989e-02,1.583244686495620390e-02,-1.044806102941696520e-02,-3.298288362540909013e-02,-5.208527038711986690e-02,-6.846197164190204187e-02,-8.314855004235585656e-02,-9.691211447873422646e-02,-1.104568037982568973e-01,-1.238615718582486008e-01,-1.364031300165549077e-01,-1.454167178719015519e-01,-1.471769405444057488e-01,-1.331929625854033905e-01,-1.012604549392933928e-01,-6.340634629930839983e-02,-3.335357887522008569e-02,-1.669705012012757950e-02,-7.540905874365838070e-03,-3.636217188461591133e-03,-1.836335123693213145e-03,-8.976458023161927331e-04,-3.779147086900282930e-04,-1.390605301103366631e-04,-5.736232513269320644e-05,-1.617579085583584000e-05,-4.216416536518990467e-06,-1.344662067789961090e-06,-2.194452254498244827e-06,-3.556139698109763124e-06,-5.728845832714132126e-06,-9.164487050064220683e-06,-1.456761231412339541e-05,-2.300121238339734297e-05,-3.602428919975288299e-05,-5.604986237352937604e-05,-8.658452826052421474e-05,-1.324550835841712868e-04,-2.005380154224634061e-04,-3.020851616635812902e-04,-4.511904873127253507e-04,-6.573468924522659013e-04,-9.919258584228369917e-04,-1.470478234245703453e-03,-1.996586611086586128e-03,-2.260835958622213395e-03,nan,nan,nan,nan,nan,nan,nan,nan,nan,nan,nan,nan,nan,nan,nan,nan,nan,nan
nan,nan,nan,nan,nan,nan,nan,nan,nan,nan,nan,nan,nan,nan,nan,nan,nan,nan,nan,nan,-1.485523437104661892e-01,-1.333628156459231717e-01,-1.192393165868192301e-01,-9.169826995319615981e-02,-6.079967778423309155e-02,-2.507379683309714224e-02,1.072583922798065435e-02,4.449429826239834074e-02,7.319675541586771750e-02,9.359674610586390942e-02,1.045544169160942255e-01,1.058188114124719442e-01,9.830574886501414200e-02,8.378877360965819587e-02,6.461034660988804190e-02,4.325599677064297793e-02,2.193037763031885704e-02,2.138539988045029538e-03,-1.524339948935864164e-02,-3.019160725967913808e-02,-4.334095391493566346e-02,-5.583587924138957298e-02,-6.889329257503795656e-02,-8.357094530113108599e-02,-1.004656211394387294e-01,-1.192156765249556410e-01,-1.388818425813152513e-01,-1.556452064527080181e-01,-1.640218397966876074e-01,-1.561814515890960486e-01,-1.251042893333197681e-01,-8.177598715113591765e-02,-4.800751013211042306e-02,-2.541798654948438166e-02,-1.213366223366237409e-02,-5.801973118446450764e-03,-2.227670363953803464e-03,-7.936985413298447900e-04,-3.086414827037292706e-04,-9.555917711625446756e-05,-1.980636164646407390e-05,-5.206324545739548720e-06,-4.446102895853272935e-07,-7.415386149404178099e-07,-1.227481192014378239e-06,-2.016479598782239995e-06,-3.291985651807651983e-06,-5.336932492726124300e-06,-8.594009927666711827e-06,-1.374279912127633649e-05,-2.182150069026075990e-05,-3.436861851660977620e-05,-5.373649150646107550e-05,-8.335851052127492343e-05,-1.280192096269742487e-04,-1.956982738535412256e-04,-2.950257553411284863e-04,-4.388606520107648330e-04,-6.302755829516708957e-04,-9.265382910583196694e-04,-1.292626445428216942e-03,nan,nan,nan,nan,nan,nan,nan,nan,nan,nan,nan,nan,nan,nan,nan,nan,nan,nan,nan
nan,nan,nan,nan,nan,nan,nan,nan,nan,nan,nan,nan,nan,nan,nan,nan,nan,nan,nan,nan,-2.427838881126786474e-01,-2.252948068180320174e-01,-2.356573668428265933e-01,-2.201716757966553639e-01,-1.943243490035983234e-01,-1.596168987881589618e-01,-1.234516483247011798e-01,-8.913203494506521940e-02,-5.970876946548563102e-02,-3.738617334334422976e-02,-2.348298490042280071e-02,-1.813688548387454996e-02,-2.006166258691120807e-02,-2.761807805751966688e-02,-3.857389534256916441e-02,-5.045080797784916998e-02,-6.155984310806390802e-02,-7.053395551448655987e-02,-7.712440420700580890e-02,-8.162088262181679821e-02,-8.523727297455156726e-02,-8.959198013724561926e-02,-9.651043060614238056e-02,-1.074899619457974353e-01,-1.230158678292032071e-01,-1.432309720293488409e-01,-1.648688761418809212e-01,-1.828287869409891131e-01,-1.954787324835934592e-01,-1.879898777455870640e-01,-1.556289045312828911e-01,-1.098154194581337922e-01,-7.038312305814806158e-02,-4.469872935866021912e-02,-2.228180611136591424e-02,-9.323713882371350431e-03,-4.222117470268679958e-03,-1.495220471831104148e-03,-4.288351758059902319e-04,-2.136610565833077817e-04,-2.330228478462097969e-05,-4.264414330563524228e-07,-2.443582126108506989e-07,-4.148551643001056566e-07,-6.980060013220226439e-07,-1.165105535316113898e-06,-1.928894303157040386e-06,-3.169788850865774948e-06,-5.168208906557794737e-06,-8.357371097771965811e-06,-1.341806472403869570e-05,-2.135964490156161985e-05,-3.371828277693020623e-05,-5.269512325828531541e-05,-8.165820981495735609e-05,-1.249284828979552457e-04,-1.889574778959953057e-04,-2.894372324681078880e-04,-4.279345041059063096e-04,-6.387246505995071216e-04,-8.631263289648331057e-04,nan,nan,nan,nan,nan,nan,nan,nan,nan,nan,nan,nan,nan,nan,nan,nan,nan,nan,nan
nan,nan,nan,nan,nan,nan,nan,nan,nan,nan,nan,nan,nan,nan,nan,nan,nan,nan,nan,nan,nan,-3.230257755019293464e-01,-3.286658486055233919e-01,-3.228674133263704227e-01,-3.033492524234138177e-01,-2.767955083022601848e-01,-2.484322810780070778e-01,-2.203096169437735452e-01,-1.965168723863378319e-01,-1.791837057464122362e-01,-1.691039411575022688e-01,-1.659849007677981492e-01,-1.685004941918551991e-01,-1.745864673516952237e-01,-1.820150920432501707e-01,-1.884844205192211797e-01,-1.920477389617961939e-01,-1.924894985927542157e-01,-1.888997773270410796e-01,-1.829051100199707014e-01,-1.761071205662534944e-01,-1.700713681987759407e-01,-1.685784446642224765e-01,-1.715724510325214447e-01,-1.824300654025525492e-01,-1.990443414621654306e-01,-2.174469907205894004e-01,-2.330048085170882410e-01,-2.433085231608367871e-01,-2.323381323899417483e-01,-1.921820992083919377e-01,-1.379749634583467832e-01,-9.170202712043386273e-02,-5.584968394267226383e-02,-2.870124058373575010e-02,-1.215705577486595954e-02,-5.949282870729588439e-03,-3.038142738503672897e-03,-1.232022698350818948e-03,-2.800150657448308524e-04,-1.203183723150345584e-05,-7.784489083326583415e-08,-1.359168538113350694e-07,-2.349951873395820575e-07,-4.030061320126116900e-07,-6.830623891497672972e-07,-1.147306936532444458e-06,-1.908766753025059720e-06,-3.145864303012146901e-06,-5.135687317650547839e-06,-8.312822298789543601e-06,-1.332637942779709953e-05,-2.118761625488571959e-05,-3.327531858366007233e-05,-5.188658133717021306e-05,-7.994988929576307658e-05,-1.217283207523928103e-04,-1.856217212243200566e-04,-2.912941895854445043e-04,-4.417881101559320437e-04,nan,nan,nan,nan,nan,nan,nan,nan,nan,nan,nan,nan,nan,nan,nan,nan,nan,nan,nan,nan
nan,nan,nan,nan,nan,nan,nan,nan,nan,nan,nan,nan,nan,nan,nan,nan,nan,nan,nan,nan,nan,nan,-3.876903422045648862e-01,-3.856484385257756276e-01,-3.752105840368792911e-01,-3.577136076725592750e-01,-3.411240908422372708e-01,-3.252082671929898972e-01,-3.139912400727388753e-01,-3.084799489262775585e-01,-3.089738338921368399e-01,-3.150832629239845306e-01,-3.244422864537986895e-01,-3.352008176119673499e-01,-3.445112645409845742e-01,-3.502827796816611605e-01,-3.506434094080967956e-01,-3.448051329933216058e-01,-3.335023290860460454e-01,-3.180462761372330194e-01,-3.011310446330937030e-01,-2.853590922999058588e-01,-2.727488169379415073e-01,-2.674433649644069599e-01,-2.663804188082180002e-01,-2.738760752104030805e-01,-2.926093522048462403e-01,-3.003276729175145543e-01,-3.010575560079177815e-01,-2.825859950840012846e-01,-2.287770902218972113e-01,-1.598395801817270034e-01,-1.119867655022377950e-01,-6.188671695759766223e-02,-3.167836830598268899e-02,-2.217201320594885949e-02,-1.232135483134577138e-02,-3.761177445412107467e-03,-1.687888724716598600e-03,-3.321125996416010974e-04,-1.233034691186762866e-04,-4.271860134354684447e-08,-7.614276531103418100e-08,-1.340946367704779643e-07,-2.330293125180615850e-07,-4.018294163916991547e-07,-6.830730354935183330e-07,-1.148896180276772923e-06,-1.912414664088639815e-06,-3.144510089632344178e-06,-5.118200696507218954e-06,-8.250254358581474826e-06,-1.315814308555385936e-05,-2.081910042559114728e-05,-3.229883480126860703e-05,-5.111755621151132292e-05,-7.679484158305432712e-05,-1.220903251506875076e-04,-1.683588012483854467e-04,nan,nan,nan,nan,nan,nan,nan,nan,nan,nan,nan,nan,nan,nan,nan,nan,nan,nan,nan,nan,nan
nan,nan,nan,nan,nan,nan,nan,nan,nan,nan,nan,nan,nan,nan,nan,nan,nan,nan,nan,nan,nan,nan,nan,nan,-3.774909701395222084e-01,-3.772430226504416839e-01,-3.775045086221129331e-01,-3.794460472439762366e-01,-3.859216551597723921e-01,-3.975811348816268853e-01,-4.158530322012077840e-01,-4.372570056918070325e-01,-4.603387343134414111e-01,-4.817736622606656471e-01,-4.999300578202636181e-01,-5.105629611993095507e-01,-5.120271546114045780e-01,-5.043745094917106986e-01,-4.893483922102467298e-01,-4.643112172722926867e-01,-4.431325856128556229e-01,-4.167510161746142416e-01,-3.930333402491211214e-01,-3.769411861203903480e-01,-3.572726646831856923e-01,-3.629394828570125520e-01,-3.702754375259172392e-01,-3.414811376450624381e-01,-3.198036657545588746e-01,-3.027331672252835948e-01,-2.528728566701692326e-01,-2.148556380890606632e-01,-1.639026971815169265e-01,-9.101042312417996494e-02,-3.529887786133587002e-02,-1.812124098625537624e-02,-2.239418453916616064e-02,-4.472914875371786052e-03,-4.298955704226568256e-04,-6.794348962884396718e-09,-1.262743928585674405e-08,-2.348705305197056095e-08,-4.272758110699710193e-08,-7.618084746210926660e-08,-1.338981240397356643e-07,-2.340394560338314044e-07,-4.023955956890920196e-07,-6.861828666703326509e-07,-1.151165375569944074e-06,-1.902437127070065389e-06,-3.108699121609067165e-06,-5.033864842523850425e-06,-7.975113905361251961e-06,-1.259535402230742977e-05,-1.934760243005822396e-05,-2.808603015437539401e-05,-4.014120214230546533e-05,nan,nan,nan,nan,nan,nan,nan,nan,nan,nan,nan,nan,nan,nan,nan,nan,nan,nan,nan,nan,nan,nan,nan
nan,nan,nan,nan,nan,nan,nan,nan,nan,nan,nan,nan,nan,nan,nan,nan,nan,nan,nan,nan,nan,nan,nan,nan,-3.057955528300722592e-01,-3.098800330643349810e-01,-3.503629250066719880e-01,-3.632509951972249795e-01,-3.882895257007524803e-01,-4.238499519578435293e-01,-4.642526044451322775e-01,-5.066384493131473876e-01,-5.455428042087062668e-01,-5.850441778495696354e-01,-6.170610085515066956e-01,-6.373938224116653117e-01,-6.517136345389852314e-01,-6.422776947522874647e-01,-6.297027708822338088e-01,-6.127739039916454411e-01,-5.664706102919160324e-01,-5.393254676172000162e-01,-4.821645826129226653e-01,-4.805126765659236132e-01,-4.203264799834693366e-01,-3.680927335590800653e-01,-4.539835425131613644e-01,-4.598453893728154385e-01,-4.753812011045453478e-01,-5.021712273454809194e-01,-2.231079688023804852e-01,-1.018397901810624701e-01,-2.005759950368447148e-02,-2.083291830057799887e-02,-1.496469832853129123e-10,-1.627014341037348044e-01,-4.527839129178521521e-02,-9.861933066359883260e-10,nan,-4.090042588463977953e-09,-7.153398926753229779e-09,-1.207958262774674357e-08,-2.422695555393064056e-08,-4.183770496288045770e-08,-7.547112495802969425e-08,-1.359503749349596820e-07,-2.335666867624208827e-07,-4.065038310782888406e-07,-6.993698189666234346e-07,-1.117928019651393978e-06,-1.857468457275917843e-06,-2.914983661248280987e-06,-4.779444904830357174e-06,-7.359614808936467080e-06,-1.191072982215020279e-05,-1.700156069655806652e-05,-2.117608751172470245e-05,nan,nan,nan,nan,nan,nan,nan,nan,nan,nan,nan,nan,nan,nan,nan,nan,nan,nan,nan,nan,nan,nan,nan
nan,nan,nan,nan,nan,nan,nan,nan,nan,nan,nan,nan,nan,nan,nan,nan,nan,nan,nan,nan,nan,nan,nan,nan,nan,nan,-2.488209038131550255e-01,-2.801621748790334987e-01,-3.220646332851366256e-01,-3.948880776143353644e-01,-4.460123763149327347e-01,-5.020688719797506971e-01,-5.601916816305327895e-01,-5.993230807986196229e-01,-6.631842526174892560e-01,-7.155820553896105052e-01,-7.252248201163700170e-01,nan,nan,nan,nan,nan,nan,nan,nan,nan,nan,nan,nan,nan,nan,nan,nan,nan,nan,nan,nan,nan,nan,nan,nan,nan,nan,nan,-4.586618024844387535e-08,nan,nan,-2.829642178245387018e-07,-4.047589126894702110e-07,-6.063766248175538085e-07,-1.125618712638527082e-06,-1.943456832297646752e-06,-2.990674110423230082e-06,-4.130034735161416271e-06,-5.949518196503128996e-06,nan,nan,nan,nan,nan,nan,nan,nan,nan,nan,nan,nan,nan,nan,nan,nan,nan,nan,nan,nan,nan,nan,nan,nan,nan
nan,nan,nan,nan,nan,nan,nan,nan,nan,nan,nan,nan,nan,nan,nan,nan,nan,nan,nan,nan,nan,nan,nan,nan,nan,nan,nan,nan,nan,nan,nan,nan,nan,nan,nan,nan,nan,nan,nan,nan,nan,nan,nan,nan,nan,nan,nan,nan,nan,nan,nan,nan,nan,nan,nan,nan,nan,nan,nan,nan,nan,nan,nan,nan,nan,nan,nan,nan,nan,nan,nan,nan,nan,nan,nan,nan,nan,nan,nan,nan,nan,nan,nan,nan,nan,nan,nan,nan,nan,nan,nan,nan,nan,nan,nan,nan,nan,nan,nan,nan
nan,nan,nan,nan,nan,nan,nan,nan,nan,nan,nan,nan,nan,nan,nan,nan,nan,nan,nan,nan,nan,nan,nan,nan,nan,nan,nan,nan,nan,nan,nan,nan,nan,nan,nan,nan,nan,nan,nan,nan,nan,nan,nan,nan,nan,nan,nan,nan,nan,nan,nan,nan,nan,nan,nan,nan,nan,nan,nan,nan,nan,nan,nan,nan,nan,nan,nan,nan,nan,nan,nan,nan,nan,nan,nan,nan,nan,nan,nan,nan,nan,nan,nan,nan,nan,nan,nan,nan,nan,nan,nan,nan,nan,nan,nan,nan,nan,nan,nan,nan
nan,nan,nan,nan,nan,nan,nan,nan,nan,nan,nan,nan,nan,nan,nan,nan,nan,nan,nan,nan,nan,nan,nan,nan,nan,nan,nan,nan,nan,nan,nan,nan,nan,nan,nan,nan,nan,nan,nan,nan,nan,nan,nan,nan,nan,nan,nan,nan,nan,nan,nan,nan,nan,nan,nan,nan,nan,nan,nan,nan,nan,nan,nan,nan,nan,nan,nan,nan,nan,nan,nan,nan,nan,nan,nan,nan,nan,nan,nan,nan,nan,nan,nan,nan,nan,nan,nan,nan,nan,nan,nan,nan,nan,nan,nan,nan,nan,nan,nan,nan
nan,nan,nan,nan,nan,nan,nan,nan,nan,nan,nan,nan,nan,nan,nan,nan,nan,nan,nan,nan,nan,nan,nan,nan,nan,nan,nan,nan,nan,nan,nan,nan,nan,nan,nan,nan,nan,nan,nan,nan,nan,nan,nan,nan,nan,nan,nan,nan,nan,nan,nan,nan,nan,nan,nan,nan,nan,nan,nan,nan,nan,nan,nan,nan,nan,nan,nan,nan,nan,nan,nan,nan,nan,nan,nan,nan,nan,nan,nan,nan,nan,nan,nan,nan,nan,nan,nan,nan,nan,nan,nan,nan,nan,nan,nan,nan,nan,nan,nan,nan
nan,nan,nan,nan,nan,nan,nan,nan,nan,nan,nan,nan,nan,nan,nan,nan,nan,nan,nan,nan,nan,nan,nan,nan,nan,nan,nan,nan,nan,nan,nan,nan,nan,nan,nan,nan,nan,nan,nan,nan,nan,nan,nan,nan,nan,nan,nan,nan,nan,nan,nan,nan,nan,nan,nan,nan,nan,nan,nan,nan,nan,nan,nan,nan,nan,nan,nan,nan,nan,nan,nan,nan,nan,nan,nan,nan,nan,nan,nan,nan,nan,nan,nan,nan,nan,nan,nan,nan,nan,nan,nan,nan,nan,nan,nan,nan,nan,nan,nan,nan
nan,nan,nan,nan,nan,nan,nan,nan,nan,nan,nan,nan,nan,nan,nan,nan,nan,nan,nan,nan,nan,nan,nan,nan,nan,nan,nan,nan,nan,nan,nan,nan,nan,nan,nan,nan,nan,nan,nan,nan,nan,nan,nan,nan,nan,nan,nan,nan,nan,nan,nan,nan,nan,nan,nan,nan,nan,nan,nan,nan,nan,nan,nan,nan,nan,nan,nan,nan,nan,nan,nan,nan,nan,nan,nan,nan,nan,nan,nan,nan,nan,nan,nan,nan,nan,nan,nan,nan,nan,nan,nan,nan,nan,nan,nan,nan,nan,nan,nan,nan
nan,nan,nan,nan,nan,nan,nan,nan,nan,nan,nan,nan,nan,nan,nan,nan,nan,nan,nan,nan,nan,nan,nan,nan,nan,nan,nan,nan,nan,nan,nan,nan,nan,nan,nan,nan,nan,nan,nan,nan,nan,nan,nan,nan,nan,nan,nan,nan,nan,nan,nan,nan,nan,nan,nan,nan,nan,nan,nan,nan,nan,nan,nan,nan,nan,nan,nan,nan,nan,nan,nan,nan,nan,nan,nan,nan,nan,nan,nan,nan,nan,nan,nan,nan,nan,nan,nan,nan,nan,nan,nan,nan,nan,nan,nan,nan,nan,nan,nan,nan
nan,nan,nan,nan,nan,nan,nan,nan,nan,nan,nan,nan,nan,nan,nan,nan,nan,nan,nan,nan,nan,nan,nan,nan,nan,nan,nan,nan,nan,nan,nan,nan,nan,nan,nan,nan,nan,nan,nan,nan,nan,nan,nan,nan,nan,nan,nan,nan,nan,nan,nan,nan,nan,nan,nan,nan,nan,nan,nan,nan,nan,nan,nan,nan,nan,nan,nan,nan,nan,nan,nan,nan,nan,nan,nan,nan,nan,nan,nan,nan,nan,nan,nan,nan,nan,nan,nan,nan,nan,nan,nan,nan,nan,nan,nan,nan,nan,nan,nan,nan
nan,nan,nan,nan,nan,nan,nan,nan,nan,nan,nan,nan,nan,nan,nan,nan,nan,nan,nan,nan,nan,nan,nan,nan,nan,nan,nan,nan,nan,nan,nan,nan,nan,nan,nan,nan,nan,nan,nan,nan,nan,nan,nan,nan,nan,nan,nan,nan,nan,nan,nan,nan,nan,nan,nan,nan,nan,nan,nan,nan,nan,nan,nan,nan,nan,nan,nan,nan,nan,nan,nan,nan,nan,nan,nan,nan,nan,nan,nan,nan,nan,nan,nan,nan,nan,nan,nan,nan,nan,nan,nan,nan,nan,nan,nan,nan,nan,nan,nan,nan
nan,nan,nan,nan,nan,nan,nan,nan,nan,nan,nan,nan,nan,nan,nan,nan,nan,nan,nan,nan,nan,nan,nan,nan,nan,nan,nan,nan,nan,nan,nan,nan,nan,nan,nan,nan,nan,nan,nan,nan,nan,nan,nan,nan,nan,nan,nan,nan,nan,nan,nan,nan,nan,nan,nan,nan,nan,nan,nan,nan,nan,nan,nan,nan,nan,nan,nan,nan,nan,nan,nan,nan,nan,nan,nan,nan,nan,nan,nan,nan,nan,nan,nan,nan,nan,nan,nan,nan,nan,nan,nan,nan,nan,nan,nan,nan,nan,nan,nan,nan
nan,nan,nan,nan,nan,nan,nan,nan,nan,nan,nan,nan,nan,nan,nan,nan,nan,nan,nan,nan,nan,nan,nan,nan,nan,nan,nan,nan,nan,nan,nan,nan,nan,nan,nan,nan,nan,nan,nan,nan,nan,nan,nan,nan,nan,nan,nan,nan,nan,nan,nan,nan,nan,nan,nan,nan,nan,nan,nan,nan,nan,nan,nan,nan,nan,nan,nan,nan,nan,nan,nan,nan,nan,nan,nan,nan,nan,nan,nan,nan,nan,nan,nan,nan,nan,nan,nan,nan,nan,nan,nan,nan,nan,nan,nan,nan,nan,nan,nan,nan
nan,nan,nan,nan,nan,nan,nan,nan,nan,nan,nan,nan,nan,nan,nan,nan,nan,nan,nan,nan,nan,nan,nan,nan,nan,nan,nan,nan,nan,nan,nan,nan,nan,nan,nan,nan,nan,nan,nan,nan,nan,nan,nan,nan,nan,nan,nan,nan,nan,nan,nan,nan,nan,nan,nan,nan,nan,nan,nan,nan,nan,nan,nan,nan,nan,nan,nan,nan,nan,nan,nan,nan,nan,nan,nan,nan,nan,nan,nan,nan,nan,nan,nan,nan,nan,nan,nan,nan,nan,nan,nan,nan,nan,nan,nan,nan,nan,nan,nan,nan
nan,nan,nan,nan,nan,nan,nan,nan,nan,nan,nan,nan,nan,nan,nan,nan,nan,nan,nan,nan,nan,nan,nan,nan,nan,nan,nan,nan,nan,nan,nan,nan,nan,nan,nan,nan,nan,nan,nan,nan,nan,nan,nan,nan,nan,nan,nan,nan,nan,nan,nan,nan,nan,nan,nan,nan,nan,nan,nan,nan,nan,nan,nan,nan,nan,nan,nan,nan,nan,nan,nan,nan,nan,nan,nan,nan,nan,nan,nan,nan,nan,nan,nan,nan,nan,nan,nan,nan,nan,nan,nan,nan,nan,nan,nan,nan,nan,nan,nan,nan
nan,nan,nan,nan,nan,nan,nan,nan,nan,nan,nan,nan,nan,nan,nan,nan,nan,nan,nan,nan,nan,nan,nan,nan,nan,nan,nan,nan,nan,nan,nan,nan,nan,nan,nan,nan,nan,nan,nan,nan,nan,nan,nan,nan,nan,nan,nan,nan,nan,nan,nan,nan,nan,nan,nan,nan,nan,nan,nan,nan,nan,nan,nan,nan,nan,nan,nan,nan,nan,nan,nan,nan,nan,nan,nan,nan,nan,nan,nan,nan,nan,nan,nan,nan,nan,nan,nan,nan,nan,nan,nan,nan,nan,nan,nan,nan,nan,nan,nan,nan
nan,nan,nan,nan,nan,nan,nan,nan,nan,nan,nan,nan,nan,nan,nan,nan,nan,nan,nan,nan,nan,nan,nan,nan,nan,nan,nan,nan,nan,nan,nan,nan,nan,nan,nan,nan,nan,nan,nan,nan,nan,nan,nan,nan,nan,nan,nan,nan,nan,nan,nan,nan,nan,nan,nan,nan,nan,nan,nan,nan,nan,nan,nan,nan,nan,nan,nan,nan,nan,nan,nan,nan,nan,nan,nan,nan,nan,nan,nan,nan,nan,nan,nan,nan,nan,nan,nan,nan,nan,nan,nan,nan,nan,nan,nan,nan,nan,nan,nan,nan
nan,nan,nan,nan,nan,nan,nan,nan,nan,nan,nan,nan,nan,nan,nan,nan,nan,nan,nan,nan,nan,nan,nan,nan,nan,nan,nan,nan,nan,nan,nan,nan,nan,nan,nan,nan,nan,nan,nan,nan,nan,nan,nan,nan,nan,nan,nan,nan,nan,nan,nan,nan,nan,nan,nan,nan,nan,nan,nan,nan,nan,nan,nan,nan,nan,nan,nan,nan,nan,nan,nan,nan,nan,nan,nan,nan,nan,nan,nan,nan,nan,nan,nan,nan,nan,nan,nan,nan,nan,nan,nan,nan,nan,nan,nan,nan,nan,nan,nan,nan
