inf,inf,inf,inf,inf,inf,inf,inf,inf,inf,inf,inf,inf,inf,inf,inf,inf,inf,inf,inf,inf,inf,inf,inf,inf,inf,inf,inf,inf,inf,inf,inf,inf,inf,inf,inf,inf,inf,inf,inf,inf,inf,inf,inf,inf,inf,inf,inf,inf,inf,inf,inf,inf,inf,inf,inf,inf,inf,inf,inf,inf,inf,inf,inf,inf,inf,inf,inf,inf,inf,inf,inf,1.926174802958893295e+01,1.736028964310445488e+01,1.562149570945631005e+01,1.370789007290560235e+01,1.193967802722164784e+01,1.038843831098914627e+01,9.026007792760340820e+00,7.867949383181833234e+00,6.900379273531265234e+00,6.113225826215972880e+00,5.493816345789080735e+00,5.023676056745372875e+00,4.683252311082082286e+00,4.452159046290032229e+00,4.307699344066726610e+00,4.230314258727228882e+00,4.201431550753360611e+00,4.206825501546090251e+00,4.232677691301559797e+00,4.268898216745485641e+00,4.306705407709738864e+00,4.342447662617104243e+00,4.373502419037788691e+00,4.396642229383552980e+00,4.412005870495747217e+00,4.419040318054856087e+00,4.417271269812607315e+00,4.403288643185444329e+00
inf,inf,inf,inf,inf,inf,inf,inf,inf,inf,inf,inf,inf,inf,inf,inf,inf,inf,inf,inf,inf,inf,inf,inf,inf,inf,inf,inf,inf,inf,inf,inf,inf,inf,inf,inf,inf,inf,inf,inf,inf,inf,inf,inf,inf,inf,inf,inf,inf,inf,inf,inf,inf,inf,inf,inf,inf,inf,inf,inf,inf,inf,inf,inf,inf,inf,inf,inf,inf,inf,inf,inf,inf,2.280270735362624634e+01,2.027697870931799073e+01,1.824358110613956185e+01,1.592026988262839993e+01,1.410511111123868488e+01,1.241280470470427311e+01,1.097168822235303942e+01,9.677718425997433371e+00,8.601556915105371459e+00,7.716432821817052812e+00,7.001935378789196029e+00,6.446522555261887888e+00,6.024382497308804041e+00,5.710864222571061966e+00,5.479148449612726957e+00,5.311854126797105558e+00,5.191496763550174087e+00,5.103137135593839524e+00,5.034139347882209847e+00,4.976650024985383780e+00,4.927875845424321000e+00,4.880600641628952019e+00,4.835249718690294962e+00,4.791055583313333699e+00,4.746056117956037212e+00,4.702889149017890347e+00,4.659699633524467366e+00
inf,inf,inf,inf,inf,inf,inf,inf,inf,inf,inf,inf,inf,inf,inf,inf,inf,inf,inf,inf,inf,inf,inf,inf,inf,inf,inf,inf,inf,inf,inf,inf,inf,inf,inf,inf,inf,inf,inf,inf,inf,inf,inf,inf,inf,inf,inf,inf,inf,inf,inf,inf,inf,inf,inf,inf,inf,inf,inf,inf,inf,inf,inf,inf,inf,inf,inf,inf,inf,inf,inf,inf,inf,inf,inf,2.349585453418619352e+01,1.916512119389986069e+01,1.745322170050381061e+01,1.566821498781976985e+01,1.397516591925931628e+01,1.238522919118097221e+01,1.108036410620036349e+01,9.970184376187713582e+00,9.055474565752028582e+00,8.328688162430230690e+00,7.758525720225089017e+00,7.306056366148570014e+00,6.945636978980301635e+00,6.653746133259409667e+00,6.414626131204206771e+00,6.211555362688613968e+00,6.032295735420730054e+00,5.873017506934793630e+00,5.726752439001821848e+00,5.588844758154917436e+00,5.460460782726845430e+00,5.341521950887863746e+00,5.231614886062371461e+00,5.133415103138553981e+00,5.049963809062638198e+00
inf,inf,inf,inf,inf,inf,inf,inf,inf,inf,inf,inf,inf,inf,inf,inf,inf,inf,inf,inf,inf,inf,inf,inf,inf,inf,inf,inf,inf,inf,inf,inf,inf,inf,inf,inf,inf,inf,inf,inf,inf,inf,inf,inf,inf,inf,inf,inf,inf,inf,inf,inf,inf,inf,inf,inf,inf,inf,inf,inf,inf,inf,inf,inf,inf,inf,inf,inf,inf,inf,inf,inf,inf,inf,inf,2.239724224551808263e+01,1.960403423607556661e+01,1.763506831072032455e+01,1.631654656468215947e+01,1.503629045560659172e+01,1.386148902858093557e+01,1.270112742664276873e+01,1.171717057168045706e+01,1.083847699621782468e+01,1.009768836441016759e+01,9.479641553990338920e+00,8.966569508491236462e+00,8.535361910476890301e+00,8.163748371295577400e+00,7.833846195165762971e+00,7.529612652973923126e+00,7.254501260507288940e+00,6.994797222348768884e+00,6.751281292921119004e+00,6.516847593208957790e+00,6.293340012923626325e+00,6.084946451680714574e+00,5.896112252280363286e+00,5.730736480138115319e+00,5.589524854401805243e+00
inf,inf,inf,inf,inf,inf,inf,inf,inf,inf,inf,inf,inf,inf,inf,inf,inf,inf,inf,inf,inf,inf,inf,inf,inf,inf,inf,inf,inf,inf,inf,inf,inf,inf,inf,inf,inf,inf,inf,inf,inf,inf,inf,inf,inf,inf,inf,inf,inf,inf,inf,inf,inf,inf,inf,inf,inf,inf,inf,inf,inf,inf,inf,inf,inf,inf,inf,inf,inf,inf,inf,inf,inf,inf,inf,2.012855870419971893e+01,1.897406595713715305e+01,1.734099644016977493e+01,1.613447910520884321e+01,1.521059340011724359e+01,1.449216939601941689e+01,1.363324106086003695e+01,1.294764878049462098e+01,1.227683044148166225e+01,1.164767185615129641e+01,1.110273816552673409e+01,1.062806087778344200e+01,1.019890107765084331e+01,9.799067829308260258e+00,9.421673448284511920e+00,9.062013557409240860e+00,8.712283143650410011e+00,8.364799386176477114e+00,8.027800789934879333e+00,7.687847995515815214e+00,7.361131881131443677e+00,7.055647340973709269e+00,6.774435321213673866e+00,6.519818838021467222e+00,6.302522596762099028e+00
inf,inf,inf,inf,inf,inf,inf,inf,inf,inf,inf,inf,inf,inf,inf,inf,inf,inf,inf,inf,inf,inf,inf,inf,inf,inf,inf,inf,inf,inf,inf,inf,inf,inf,inf,inf,inf,inf,inf,inf,inf,inf,inf,inf,inf,inf,inf,inf,inf,inf,inf,inf,inf,inf,inf,inf,inf,inf,inf,inf,inf,inf,inf,inf,inf,inf,inf,inf,inf,inf,inf,inf,inf,inf,2.349585453418619352e+01,1.885146363504481926e+01,1.781227476684751210e+01,1.674475306524943008e+01,1.625234155952071191e+01,1.535933628207090074e+01,1.482251266028002412e+01,1.441596459159407395e+01,1.398518737222515007e+01,1.352620477939639443e+01,1.309873838271259494e+01,1.269897646966224158e+01,1.230287265962388510e+01,1.191993549088818227e+01,1.158057546348123878e+01,1.120332441504254462e+01,1.080170813693621135e+01,1.040246075263958581e+01,9.997345013011985415e+00,9.570576983360611578e+00,9.141533409440542712e+00,8.711453204124570249e+00,8.290653388812955882e+00,7.893248533341576056e+00,7.529121453447495504e+00,7.208084212225596588e+00
inf,inf,inf,inf,inf,inf,inf,inf,inf,inf,inf,inf,inf,inf,inf,inf,inf,inf,inf,inf,inf,inf,inf,inf,inf,inf,inf,inf,inf,inf,inf,inf,inf,inf,inf,inf,inf,inf,inf,inf,inf,inf,inf,inf,inf,inf,inf,inf,inf,inf,inf,inf,inf,inf,inf,inf,inf,inf,inf,inf,inf,inf,inf,inf,inf,inf,inf,inf,inf,inf,inf,inf,inf,2.085679720457093467e+01,1.935271980779466006e+01,1.843325950115922396e+01,1.750189310687962418e+01,1.678168400427671969e+01,1.617466597744671475e+01,1.566821498781976985e+01,1.536256067296355887e+01,1.513461364454384039e+01,1.503841134717572814e+01,1.479967868724151536e+01,1.448873254471694949e+01,1.426669240796942084e+01,1.405178681735615420e+01,1.384108478408370324e+01,1.348854765301106617e+01,1.311569811453556689e+01,1.275313009521822316e+01,1.236531750380665251e+01,1.192723895502277109e+01,1.144252522592121757e+01,1.093707430429092575e+01,1.039152682606820299e+01,9.842787614436506516e+00,9.296618129475696435e+00,8.786878571401407712e+00,8.336890312499203759e+00
inf,inf,inf,inf,inf,inf,inf,inf,inf,inf,inf,inf,inf,inf,inf,inf,inf,inf,inf,inf,inf,inf,inf,inf,inf,inf,inf,inf,inf,inf,inf,inf,inf,inf,inf,inf,inf,inf,inf,inf,inf,inf,inf,inf,inf,inf,inf,inf,inf,inf,inf,inf,inf,inf,inf,inf,inf,inf,inf,inf,inf,inf,inf,inf,inf,inf,inf,inf,inf,inf,inf,inf,inf,2.050012226063219956e+01,1.859057975574776123e+01,1.719506873952294868e+01,1.685859650290173661e+01,1.673428176538213563e+01,1.656243150845547873e+01,1.643280637079801920e+01,1.640494471210620731e+01,1.631046751860577615e+01,1.620624401273502357e+01,1.594414231883488142e+01,1.588847310854639971e+01,1.575432094490436441e+01,1.578073093055408727e+01,1.565514808243679212e+01,1.558343141271248733e+01,1.532595188682704723e+01,1.493254140715640155e+01,1.454804844112913820e+01,1.421701474578531688e+01,1.367346858308710544e+01,1.310170324970802547e+01,1.244406017595810177e+01,1.171023373907250686e+01,1.100835810852719554e+01,1.034089619165207630e+01,9.708068781264918456e+00
inf,inf,inf,inf,inf,inf,inf,inf,inf,inf,inf,inf,inf,inf,inf,inf,inf,inf,inf,inf,inf,inf,inf,inf,inf,inf,inf,inf,inf,inf,inf,inf,inf,inf,inf,inf,inf,inf,inf,inf,inf,inf,inf,inf,inf,inf,inf,inf,inf,inf,inf,inf,inf,inf,inf,inf,inf,inf,inf,inf,inf,inf,inf,inf,inf,inf,inf,inf,inf,inf,inf,inf,inf,1.996949400957003107e+01,1.878632433287385695e+01,1.767577160383383017e+01,1.694620379195238158e+01,1.673892214493863762e+01,1.690144107443641275e+01,1.680253086591624267e+01,1.698410920454146478e+01,1.696789661656364245e+01,1.706130801539874042e+01,1.686122117632450568e+01,1.730349204471131941e+01,1.727526436408645338e+01,1.748213937814339047e+01,1.751696876928507152e+01,1.732624380169473710e+01,1.764365205441171724e+01,1.733464721249111662e+01,1.695194268862140063e+01,1.641246668656089724e+01,1.605043697748450526e+01,1.564224972108835487e+01,1.479683991101768292e+01,1.391195260311485349e+01,1.300758482576824449e+01,1.213589378590892665e+01,1.130067095998818694e+01
inf,inf,inf,inf,inf,inf,inf,inf,inf,inf,inf,inf,inf,inf,inf,inf,inf,inf,inf,inf,inf,inf,inf,inf,inf,inf,inf,inf,inf,inf,inf,inf,inf,inf,inf,inf,inf,inf,inf,inf,inf,inf,inf,inf,inf,inf,inf,inf,inf,inf,inf,inf,inf,inf,inf,inf,inf,inf,inf,inf,inf,inf,inf,inf,inf,inf,inf,inf,inf,inf,inf,2.016365002401098749e+01,1.859057975574776123e+01,1.822799637512286353e+01,1.775928223670700135e+01,1.743206932549858479e+01,1.720428539462787043e+01,1.732624380169473710e+01,1.738217235435396191e+01,1.742974644408244345e+01,1.764941575912846616e+01,1.796246504545867140e+01,1.807090451670478970e+01,1.849190822824073166e+01,1.905320327769587507e+01,1.893150634271835742e+01,1.962465352327830104e+01,1.943541152363977176e+01,1.999934697271971018e+01,2.101094788439819183e+01,2.188641662175209035e+01,1.936872014914110096e+01,1.923317465714487540e+01,1.827010786047299007e+01,1.791235822540449263e+01,1.752714697420082501e+01,1.647209557944774971e+01,1.527760660750044686e+01,1.409563788101194604e+01,1.294998691814377167e+01
inf,inf,inf,inf,inf,inf,inf,inf,inf,inf,inf,inf,inf,inf,inf,inf,inf,inf,inf,inf,inf,inf,inf,inf,inf,inf,inf,inf,inf,inf,inf,inf,inf,inf,inf,inf,inf,inf,inf,inf,inf,inf,inf,inf,inf,inf,inf,inf,inf,inf,inf,inf,inf,inf,inf,inf,inf,inf,inf,inf,inf,inf,inf,inf,inf,inf,inf,inf,inf,inf,2.016365002401098749e+01,1.947050284345104387e+01,1.808420848233115308e+01,1.758505789014566645e+01,1.730553912833304508e+01,1.741363562380974628e+01,1.750189310687962418e+01,1.773066343140134649e+01,1.802358386051471584e+01,1.799459632364146344e+01,1.811595718064573290e+01,1.855421211157688788e+01,1.935271980779466006e+01,1.978228246748188468e+01,2.078780433308398301e+01,2.349585453418619352e+01,inf,inf,inf,inf,inf,2.129862995684997173e+01,2.085679720457093467e+01,2.093090517672465367e+01,2.141641299250635555e+01,2.101094788439819183e+01,1.844599852693665554e+01,1.680501225676762900e+01,1.556492916170280338e+01,1.416214674825972608e+01
inf,inf,inf,inf,inf,inf,inf,inf,inf,inf,inf,inf,inf,inf,inf,inf,inf,inf,inf,inf,inf,inf,inf,inf,inf,inf,inf,inf,inf,inf,inf,inf,inf,inf,inf,inf,inf,inf,inf,inf,inf,inf,inf,inf,inf,inf,inf,inf,inf,inf,inf,inf,inf,inf,inf,inf,inf,inf,inf,inf,inf,inf,inf,inf,inf,inf,inf,inf,2.129862995684997173e+01,2.078780433308398301e+01,1.930619979215976656e+01,1.865166744772760055e+01,1.791235822540449263e+01,1.722486610232789417e+01,1.711742835053460610e+01,1.785749986485244634e+01,1.812521650605852841e+01,1.820254970946169948e+01,1.855421211157688788e+01,1.887088172090192018e+01,1.913914570749659916e+01,2.027697870931799073e+01,2.031780070383824466e+01,2.093090517672465367e+01,inf,inf,inf,inf,inf,inf,inf,inf,inf,inf,inf,2.280270735362624634e+01,1.985826837445980786e+01,1.806213253063195268e+01,1.627401870889774216e+01,1.440892550712524489e+01
inf,inf,inf,inf,inf,inf,inf,inf,inf,inf,inf,inf,inf,inf,inf,inf,inf,inf,inf,inf,inf,inf,inf,inf,inf,inf,inf,inf,inf,inf,inf,inf,inf,inf,inf,inf,inf,inf,inf,inf,inf,inf,inf,inf,inf,inf,inf,inf,inf,inf,inf,inf,inf,inf,inf,inf,inf,inf,inf,inf,inf,inf,inf,inf,inf,inf,2.093090517672465367e+01,2.020001766818186439e+01,2.027697870931799073e+01,1.932146726429055406e+01,1.821265080544820236e+01,1.755305515905948965e+01,1.725557868901542236e+01,1.704065597084607120e+01,1.755831832910376633e+01,1.780549507986213342e+01,1.833679923497166442e+01,1.880450665195704829e+01,1.945280326635164059e+01,1.932146726429055406e+01,1.983229288805654633e+01,1.980697508007225593e+01,2.093090517672465367e+01,inf,inf,inf,inf,inf,inf,inf,inf,inf,inf,inf,inf,inf,1.941831709028047115e+01,1.763506831072032455e+01,1.603997784669436655e+01,1.437894610700256237e+01
inf,inf,inf,inf,inf,inf,inf,inf,inf,inf,inf,inf,inf,inf,inf,inf,inf,inf,inf,inf,inf,inf,inf,inf,inf,inf,inf,inf,inf,inf,inf,inf,inf,inf,inf,inf,inf,inf,inf,inf,inf,inf,inf,inf,inf,inf,inf,inf,inf,inf,inf,inf,inf,inf,inf,inf,inf,inf,inf,inf,inf,inf,inf,inf,inf,inf,2.170409506495813545e+01,1.933697145082652114e+01,1.968919204441587212e+01,1.849864226042207704e+01,1.755568328146576107e+01,1.676603046369671546e+01,1.663834047164080232e+01,1.716080028268813251e+01,1.744376536526177546e+01,1.821773987495567582e+01,1.907701392638959348e+01,1.933697145082652114e+01,2.036036031825704384e+01,1.924735929213683150e+01,1.991233559573008094e+01,2.012855870419971893e+01,2.093090517672465367e+01,inf,inf,inf,inf,inf,inf,inf,inf,inf,2.154994438513087829e+01,2.101094788439819183e+01,2.020001766818186439e+01,2.210956017306630272e+01,2.036036031825704384e+01,1.820758750349165567e+01,1.603882244506381127e+01,1.424927866962791434e+01
inf,inf,inf,inf,inf,inf,inf,inf,inf,inf,inf,inf,inf,inf,inf,inf,inf,inf,inf,inf,inf,inf,inf,inf,inf,inf,inf,inf,inf,inf,inf,inf,inf,inf,inf,inf,inf,inf,inf,inf,inf,inf,inf,inf,inf,inf,inf,inf,inf,inf,inf,inf,inf,inf,inf,inf,inf,inf,inf,inf,inf,inf,inf,inf,inf,inf,2.031780070383824466e+01,1.898499502766934199e+01,1.812987851916433968e+01,1.729534536014350365e+01,1.642598040572762130e+01,1.578162338933710629e+01,1.575780223649687528e+01,1.591209823347907992e+01,1.627767769578278489e+01,1.677082089201934778e+01,1.724395065102030244e+01,1.818264855514440370e+01,1.956402890146186735e+01,1.911382789951230876e+01,1.999934697271971018e+01,1.996949400957003107e+01,2.072326581194641193e+01,2.280270735362624634e+01,inf,inf,inf,inf,inf,inf,inf,inf,2.009465715252403584e+01,2.170409506495813545e+01,2.154994438513087829e+01,2.040481208082787745e+01,1.835419097768353325e+01,1.795852026716765693e+01,1.606100665897419333e+01,1.419906127447980992e+01
inf,inf,inf,inf,inf,inf,inf,inf,inf,inf,inf,inf,inf,inf,inf,inf,inf,inf,inf,inf,inf,inf,inf,inf,inf,inf,inf,inf,inf,inf,inf,inf,inf,inf,inf,inf,inf,inf,inf,inf,inf,inf,inf,inf,inf,inf,inf,inf,inf,inf,inf,inf,inf,inf,inf,inf,inf,inf,inf,inf,inf,inf,inf,inf,inf,2.031780070383824466e+01,1.930619979215976656e+01,1.893150634271835742e+01,1.791612470819996972e+01,1.724395065102030244e+01,1.600756101902676320e+01,1.532425505384072828e+01,1.469875945763713609e+01,1.434738956592809700e+01,1.408920752084939210e+01,1.400530997961418755e+01,1.412535301008606758e+01,1.458688956179379304e+01,1.522405050303148499e+01,1.592180952881399314e+01,1.686253610090581390e+01,1.763792137970273188e+01,1.830846872834543859e+01,1.920539509303780079e+01,2.085679720457093467e+01,2.239724224551808263e+01,inf,inf,2.349585453418619352e+01,inf,2.210956017306630272e+01,2.129862995684997173e+01,1.924735929213683150e+01,1.956402890146186735e+01,1.991233559573008094e+01,1.904150723793268440e+01,1.839598810636199389e+01,1.742511680618370207e+01,1.566185819247673194e+01,1.403327793669252799e+01
inf,inf,inf,inf,inf,inf,inf,inf,inf,inf,inf,inf,inf,inf,inf,inf,inf,inf,inf,inf,inf,inf,inf,inf,inf,inf,inf,inf,inf,inf,inf,inf,inf,inf,inf,inf,inf,inf,inf,inf,inf,inf,inf,inf,inf,inf,inf,inf,inf,inf,inf,inf,inf,inf,inf,inf,inf,inf,inf,inf,inf,inf,inf,inf,inf,2.141641299250635555e+01,2.055141555501975148e+01,1.975818491590282378e+01,1.859801473423528151e+01,1.809317715231391333e+01,1.648644560147755556e+01,1.562416186986254729e+01,1.480993173949546637e+01,1.395398268247996754e+01,1.321211712268296345e+01,1.260345795807391767e+01,1.228023059393393623e+01,1.223390641145960878e+01,1.243753190188567537e+01,1.288236268402369511e+01,1.347422845363302280e+01,1.417989368034632491e+01,1.496930524784592897e+01,1.554711607937258222e+01,1.625520483993072673e+01,1.680005561712770046e+01,1.796642544667476926e+01,1.818758683678498755e+01,1.790486755367533434e+01,1.785394746324807969e+01,1.766397205690267569e+01,1.789005246789019310e+01,1.755831832910376633e+01,1.775928223670700135e+01,1.758777159601726225e+01,1.716970506103109173e+01,1.702350823968529170e+01,1.642853468553271767e+01,1.529063610779077997e+01,1.394455202031594432e+01
inf,inf,inf,inf,inf,inf,inf,inf,inf,inf,inf,inf,inf,inf,inf,inf,inf,inf,inf,inf,inf,inf,inf,inf,inf,inf,inf,inf,inf,inf,inf,inf,inf,inf,inf,inf,inf,inf,inf,inf,inf,inf,inf,inf,inf,inf,inf,inf,inf,inf,inf,inf,inf,inf,inf,inf,inf,inf,inf,inf,inf,inf,inf,inf,inf,inf,inf,2.109795926138782107e+01,1.999934697271971018e+01,2.078780433308398301e+01,1.940150997196409222e+01,1.725363126873102715e+01,1.602677064926495731e+01,1.452988134997584524e+01,1.335283840108653131e+01,1.243323988111598055e+01,1.175900182506921787e+01,1.141334597744553037e+01,1.135747738780881022e+01,1.154871454782181317e+01,1.195144978218934639e+01,1.249312156011953689e+01,1.307279967794731945e+01,1.369789417786499008e+01,1.427437641779955335e+01,1.484693157209206049e+01,1.536373576123038553e+01,1.563953496277960475e+01,1.600086830023565909e+01,1.603421414197761763e+01,1.633967789670557735e+01,1.647834839124493556e+01,1.639006840470491966e+01,1.652044060673024006e+01,1.664891139460081249e+01,1.645970604043565544e+01,1.629916796335184159e+01,1.588055619436037702e+01,1.495182468881639437e+01,1.378643728547856639e+01
inf,inf,inf,inf,inf,inf,inf,inf,inf,inf,inf,inf,inf,inf,inf,inf,inf,inf,inf,inf,inf,inf,inf,inf,inf,inf,inf,inf,inf,inf,inf,inf,inf,inf,inf,inf,inf,inf,inf,inf,inf,inf,inf,inf,inf,inf,inf,inf,inf,inf,inf,inf,inf,inf,inf,inf,inf,inf,inf,inf,inf,inf,inf,inf,inf,inf,inf,inf,inf,inf,inf,1.891088705551561944e+01,1.696206569625284999e+01,1.551788644105764270e+01,1.399403929151953285e+01,1.297033993359324455e+01,1.224391728087852904e+01,1.179988277510755168e+01,1.160462277895057248e+01,1.166031672440311517e+01,1.190545889844906569e+01,1.230122156333388261e+01,1.272270674770422261e+01,1.321399904142626625e+01,1.368141679848357484e+01,1.419713705159259653e+01,1.466049856306458743e+01,1.493196861477797199e+01,1.529804050196499077e+01,1.539721169042677396e+01,1.564224972108835487e+01,1.567903456842164012e+01,1.594256792858577221e+01,1.580191720867692062e+01,1.596055783174210418e+01,1.602449144599909658e+01,1.589595257497769332e+01,1.547755839567067149e+01,1.483213969010718714e+01,1.388539666042844090e+01
inf,inf,inf,inf,inf,inf,inf,inf,inf,inf,inf,inf,inf,inf,inf,inf,inf,inf,inf,inf,inf,inf,inf,inf,inf,inf,inf,inf,inf,inf,inf,inf,inf,inf,inf,inf,inf,inf,inf,inf,inf,inf,inf,inf,inf,inf,inf,inf,inf,inf,inf,inf,inf,inf,inf,inf,inf,inf,inf,inf,inf,inf,inf,inf,inf,inf,inf,inf,inf,inf,inf,2.239724224551808263e+01,1.770589436328893740e+01,1.624309211613300619e+01,1.513929968873276799e+01,1.436012995559079997e+01,1.369196634687281922e+01,1.337572451667821483e+01,1.321746417912453886e+01,1.321461571210941521e+01,1.327978500102195625e+01,1.353442831672961866e+01,1.395290652640523632e+01,1.420679540749861935e+01,1.450416780825136698e+01,1.482559696704311847e+01,1.499276026714945687e+01,1.521641104647352627e+01,1.525573323610971954e+01,1.535933628207090074e+01,1.563105053085773299e+01,1.580969223069328677e+01,1.581567889374960245e+01,1.607587461052435529e+01,1.611809562595831835e+01,1.598432988579532577e+01,1.589395257431102593e+01,1.542494844539837473e+01,1.474390547612757807e+01,1.388479362513260185e+01
inf,inf,inf,inf,inf,inf,inf,inf,inf,inf,inf,inf,inf,inf,inf,inf,inf,inf,inf,inf,inf,inf,inf,inf,inf,inf,inf,inf,inf,inf,inf,inf,inf,inf,inf,inf,inf,inf,inf,inf,inf,inf,inf,inf,inf,inf,inf,inf,inf,inf,inf,inf,inf,inf,inf,inf,inf,inf,inf,inf,inf,inf,inf,inf,inf,inf,inf,inf,inf,inf,inf,inf,2.109795926138782107e+01,1.811135947139710467e+01,1.682508821334031879e+01,1.638679239849901847e+01,1.614021343121194008e+01,1.601204784652035684e+01,1.605864816731489952e+01,1.624663947707180256e+01,1.621722559186551038e+01,1.635619419822127085e+01,1.652794533238430930e+01,1.643709638166752640e+01,1.632881665727397191e+01,1.626167735443634399e+01,1.652700415584424576e+01,1.637702828512411557e+01,1.659210727660159534e+01,1.654312588956132402e+01,1.662372643284720652e+01,1.644573201391713368e+01,1.663100675621533142e+01,1.683912801000780135e+01,1.668021454411185900e+01,1.627255885462387752e+01,1.578251664531432219e+01,1.531078305665390893e+01,1.474058977087150879e+01,1.418223581275650780e+01
inf,inf,inf,inf,inf,inf,inf,inf,inf,inf,inf,inf,inf,inf,inf,inf,inf,inf,inf,inf,inf,inf,inf,inf,inf,inf,inf,inf,inf,inf,inf,inf,inf,inf,inf,inf,inf,inf,inf,inf,inf,inf,inf,inf,inf,inf,inf,inf,inf,inf,inf,inf,inf,inf,inf,inf,inf,inf,inf,inf,inf,inf,inf,inf,inf,inf,inf,inf,inf,inf,inf,inf,inf,inf,2.066264119012997469e+01,1.824358110613956185e+01,1.897406595713715305e+01,1.935271980779466006e+01,1.859057975574776123e+01,1.891088705551561944e+01,1.948852134895372146e+01,1.985826837445980786e+01,1.833679923497166442e+01,1.772130298864178499e+01,1.774011232059928034e+01,1.721545869522599759e+01,1.776251325728844677e+01,1.794289494926457351e+01,1.831970480161236381e+01,1.798242578802121017e+01,1.830289768329598132e+01,1.778212172867682384e+01,1.719140573176420972e+01,1.715197410005986001e+01,1.691521539690124243e+01,1.641667013957652443e+01,1.590147329163437462e+01,1.533276815860297759e+01,1.481535272515793089e+01,1.445145068975464042e+01
inf,inf,inf,inf,inf,inf,inf,inf,inf,inf,inf,inf,inf,inf,inf,inf,inf,inf,inf,inf,inf,inf,inf,inf,inf,inf,inf,inf,inf,inf,inf,inf,inf,inf,inf,inf,inf,inf,inf,inf,inf,inf,inf,inf,inf,inf,inf,inf,inf,inf,inf,inf,inf,inf,inf,inf,inf,inf,inf,inf,inf,inf,inf,inf,inf,inf,inf,inf,inf,inf,inf,inf,inf,inf,inf,inf,2.036036031825704384e+01,1.893150634271835742e+01,1.878632433287385695e+01,1.947050284345104387e+01,1.954461081560476643e+01,1.940150997196409222e+01,1.876846671547385270e+01,1.833106856026267906e+01,1.787908343651962184e+01,1.806650890523174979e+01,1.766104379712358607e+01,1.795852026716765693e+01,1.793517290317066326e+01,1.755305515905948965e+01,1.721733311002034839e+01,1.735812748009995943e+01,1.764365205441171724e+01,1.748213937814339047e+01,1.716970506103109173e+01,1.660321289301410275e+01,1.595789187441798340e+01,1.553692804113608261e+01,1.510173334035994941e+01,1.478804098316130577e+01
inf,inf,inf,inf,inf,inf,inf,inf,inf,inf,inf,inf,inf,inf,inf,inf,inf,inf,inf,inf,inf,inf,inf,inf,inf,inf,inf,inf,inf,inf,inf,inf,inf,inf,inf,inf,inf,inf,inf,inf,inf,inf,inf,inf,inf,inf,inf,inf,inf,inf,inf,inf,inf,inf,inf,inf,inf,inf,inf,inf,inf,inf,inf,inf,inf,inf,inf,inf,inf,inf,inf,inf,inf,inf,inf,2.349585453418619352e+01,2.055141555501975148e+01,2.109795926138782107e+01,2.006186732970104458e+01,1.943541152363977176e+01,1.929116191479522513e+01,1.905320327769587507e+01,1.919178944098202066e+01,1.821773987495567582e+01,1.752204492231692967e+01,1.774965134364603969e+01,1.764365205441171724e+01,1.786106493101694426e+01,1.809317715231391333e+01,1.786106493101694426e+01,1.791235822540449263e+01,1.777226943223381284e+01,1.775285134637670836e+01,1.735381712859883407e+01,1.679144017922208576e+01,1.674241661558841088e+01,1.650651926821163329e+01,1.587662111795938635e+01,1.576436250494050739e+01,1.546316965821857181e+01
inf,inf,inf,inf,inf,inf,inf,inf,inf,inf,inf,inf,inf,inf,inf,inf,inf,inf,inf,inf,inf,inf,inf,inf,inf,inf,inf,inf,inf,inf,inf,inf,inf,inf,inf,inf,inf,inf,inf,inf,inf,inf,inf,inf,inf,inf,inf,inf,inf,inf,inf,inf,inf,inf,inf,inf,inf,inf,inf,inf,inf,inf,inf,inf,inf,inf,inf,inf,inf,inf,inf,inf,inf,inf,inf,inf,2.188641662175209035e+01,2.085679720457093467e+01,2.119326944119214673e+01,1.975818491590282378e+01,1.926174802958893295e+01,1.842068071895236514e+01,1.884189418402866778e+01,1.776575475121261860e+01,1.734738623826854464e+01,1.765521287681279361e+01,1.744612107895423492e+01,1.738438719468351223e+01,1.766104379712358607e+01,1.787545366846904216e+01,1.797840163772148614e+01,1.768471354120949002e+01,1.796642544667476926e+01,1.777554275757877988e+01,1.714671554280639398e+01,1.686122117632450568e+01,1.648644560147755556e+01,1.601655489640335972e+01,1.579918745265973001e+01,1.564030985627052850e+01
inf,inf,inf,inf,inf,inf,inf,inf,inf,inf,inf,inf,inf,inf,inf,inf,inf,inf,inf,inf,inf,inf,inf,inf,inf,inf,inf,inf,inf,inf,inf,inf,inf,inf,inf,inf,inf,inf,inf,inf,inf,inf,inf,inf,inf,inf,inf,inf,inf,inf,inf,inf,inf,inf,inf,inf,inf,inf,inf,inf,inf,inf,inf,inf,inf,inf,inf,inf,inf,inf,inf,inf,inf,inf,inf,inf,inf,2.129862995684997173e+01,2.003011863138646476e+01,1.868367017881377379e+01,1.830289768329598132e+01,1.902994641553160804e+01,1.789743257518781760e+01,1.731791042013559334e+01,1.732415393677527859e+01,1.742050850309750842e+01,1.746037310166143541e+01,1.745084922015017881e+01,1.773380315140601482e+01,1.783986272336634116e+01,1.775606162200695692e+01,1.730553912833304508e+01,1.739553558216612927e+01,1.729331901699826801e+01,1.690692805665267429e+01,1.649369857978257059e+01,1.641667013957652443e+01,1.627328851536402254e+01,1.619605716742803025e+01,1.621103362161758810e+01
inf,inf,inf,inf,inf,inf,inf,inf,inf,inf,inf,inf,inf,inf,inf,inf,inf,inf,inf,inf,inf,inf,inf,inf,inf,inf,inf,inf,inf,inf,inf,inf,inf,inf,inf,inf,inf,inf,inf,inf,inf,inf,inf,inf,inf,inf,inf,inf,inf,inf,inf,inf,inf,inf,inf,inf,inf,inf,inf,inf,inf,inf,inf,inf,inf,inf,inf,inf,inf,inf,inf,inf,inf,inf,inf,inf,2.006186732970104458e+01,1.999934697271971018e+01,1.908913528692193751e+01,1.819753716763815632e+01,1.823316434528130614e+01,1.726340651763566925e+01,1.703126623049623234e+01,1.739329593957262432e+01,1.690692805665267429e+01,1.685467236444560157e+01,1.753742984115640979e+01,1.827549870910786822e+01,1.803202272916058035e+01,1.749443965622504038e+01,1.769071956526970268e+01,1.698262442327388655e+01,1.699606749353033663e+01,1.669124001412356861e+01,1.642089133622014785e+01,1.696352024196384178e+01,1.689598403497335610e+01,1.670238840160618210e+01,1.667365714356570194e+01,1.709559708887737273e+01
inf,inf,inf,inf,inf,inf,inf,inf,inf,inf,inf,inf,inf,inf,inf,inf,inf,inf,inf,inf,inf,inf,inf,inf,inf,inf,inf,inf,inf,inf,inf,inf,inf,inf,inf,inf,inf,inf,inf,inf,inf,inf,inf,inf,inf,inf,inf,inf,inf,inf,inf,inf,inf,inf,inf,inf,inf,inf,inf,inf,inf,inf,inf,inf,inf,inf,inf,inf,inf,inf,inf,inf,inf,2.009465715252403584e+01,1.985826837445980786e+01,1.971166490026793028e+01,2.031780070383824466e+01,1.927634682901008389e+01,1.858319964845014027e+01,1.746276831238738936e+01,1.692777662277421769e+01,1.648373923987981371e+01,1.654217032331565562e+01,1.647209557944774971e+01,1.653645602205221721e+01,1.693341044049247301e+01,1.743673133860439606e+01,1.781568192516912319e+01,1.790486755367533434e+01,1.748458735978202938e+01,1.750189310687962418e+01,1.719874521425225566e+01,1.727526436408645338e+01,1.724781165967776175e+01,1.702660421739042107e+01,1.723245627159456816e+01,1.728726450808956372e+01,1.737555711523524238e+01,1.772130298864178499e+01,1.860550540596443980e+01
inf,inf,inf,inf,inf,inf,inf,inf,inf,inf,inf,inf,inf,inf,inf,inf,inf,inf,inf,inf,inf,inf,inf,inf,inf,inf,inf,inf,inf,inf,inf,inf,inf,inf,inf,inf,inf,inf,inf,inf,inf,inf,inf,inf,inf,inf,inf,inf,inf,inf,inf,inf,inf,inf,inf,inf,inf,inf,inf,inf,inf,inf,inf,inf,inf,inf,inf,inf,inf,inf,inf,inf,inf,inf,inf,2.023775799616471005e+01,1.895255975191618703e+01,1.775928223670700135e+01,1.699757238470975906e+01,1.620966281948381038e+01,1.592386608480875232e+01,1.576260888765639656e+01,1.574266026430185050e+01,1.579782536391338610e+01,1.626746608261258942e+01,1.663414319370546224e+01,1.718049653266385590e+01,1.747726131968995844e+01,1.726144380846782056e+01,1.713801226767809283e+01,1.726340651763566925e+01,1.746516927392492846e+01,1.731170564324870753e+01,1.743439761525817389e+01,1.764078261198376651e+01,1.799052299825383017e+01,1.806213253063195268e+01,1.791235822540449263e+01,1.954461081560476643e+01,1.971166490026793028e+01
inf,inf,inf,inf,inf,inf,inf,inf,inf,inf,inf,inf,inf,inf,inf,inf,inf,inf,inf,inf,inf,inf,inf,inf,inf,inf,inf,inf,inf,inf,inf,inf,inf,inf,inf,inf,inf,inf,inf,inf,inf,inf,inf,inf,inf,inf,inf,inf,inf,inf,inf,inf,inf,inf,inf,inf,inf,inf,inf,inf,inf,inf,inf,inf,inf,inf,inf,inf,inf,inf,inf,inf,inf,inf,1.988493662154196784e+01,1.843325950115922396e+01,1.783986272336634116e+01,1.674125043469823026e+01,1.605747100414188466e+01,1.531022564303858502e+01,1.513554909830709860e+01,1.514330016471160079e+01,1.546479435394557456e+01,1.589445219960245836e+01,1.647031621954767289e+01,1.673659926352249983e+01,1.725363126873102715e+01,1.726537308660770975e+01,1.735166890006054530e+01,1.725168763352245449e+01,1.774328189536056044e+01,1.793517290317066326e+01,1.817284455504778506e+01,1.832537053914803948e+01,1.847197401333991706e+01,1.842695033196596199e+01,1.845890193177256222e+01,2.101094788439819183e+01,2.129862995684997173e+01,inf
inf,inf,inf,inf,inf,inf,inf,inf,inf,inf,inf,inf,inf,inf,inf,inf,inf,inf,inf,inf,inf,inf,inf,inf,inf,inf,inf,inf,inf,inf,inf,inf,inf,inf,inf,inf,inf,inf,inf,inf,inf,inf,inf,inf,inf,inf,inf,inf,inf,inf,inf,inf,inf,inf,inf,inf,inf,inf,inf,inf,inf,inf,inf,inf,inf,inf,inf,inf,inf,inf,inf,inf,inf,inf,2.188641662175209035e+01,1.897406595713715305e+01,1.747969737448783789e+01,1.629617618849501781e+01,1.546316965821857181e+01,1.494658144930654231e+01,1.469002972128258477e+01,1.494348726776230052e+01,1.547689985103047405e+01,1.616087265531437822e+01,1.680129247566509676e+01,1.725363126873102715e+01,1.736028964310445488e+01,1.757427611454237493e+01,1.758505789014566645e+01,1.804053341882849182e+01,1.846541661279375646e+01,1.879537416839377428e+01,1.926174802958893295e+01,1.932146726429055406e+01,1.988493662154196784e+01,1.930619979215976656e+01,2.045133209646276740e+01,inf,inf,inf
inf,inf,inf,inf,inf,inf,inf,inf,inf,inf,inf,inf,inf,inf,inf,inf,inf,inf,inf,inf,inf,inf,inf,inf,inf,inf,inf,inf,inf,inf,inf,inf,inf,inf,inf,inf,inf,inf,inf,inf,inf,inf,inf,inf,inf,inf,inf,inf,inf,inf,inf,inf,inf,inf,inf,inf,inf,inf,inf,inf,inf,inf,inf,inf,inf,inf,inf,inf,inf,inf,inf,inf,inf,inf,inf,2.050012226063219956e+01,1.786464275236482635e+01,1.645444287039138231e+01,1.556600810444368754e+01,1.500172528236850589e+01,1.493809538102329348e+01,1.510422456574529981e+01,1.574653206952583595e+01,1.668791959048626694e+01,1.722675825047993214e+01,1.778212172867682384e+01,1.813456236847676806e+01,1.830289768329598132e+01,1.845890193177256222e+01,1.892114355568281070e+01,1.924735929213683150e+01,1.952556262063406933e+01,2.072326581194641193e+01,2.154994438513087829e+01,inf,2.349585453418619352e+01,inf,inf,inf,inf
inf,inf,inf,inf,inf,inf,inf,inf,inf,inf,inf,inf,inf,inf,inf,inf,inf,inf,inf,inf,inf,inf,inf,inf,inf,inf,inf,inf,inf,inf,inf,inf,inf,inf,inf,inf,inf,inf,inf,inf,inf,inf,inf,inf,inf,inf,inf,inf,inf,inf,inf,inf,inf,inf,inf,inf,inf,inf,inf,inf,inf,inf,inf,inf,inf,inf,inf,inf,inf,inf,inf,inf,inf,inf,2.101094788439819183e+01,2.093090517672465367e+01,1.933697145082652114e+01,1.752459269439572864e+01,1.637137627169276755e+01,1.571680588926063571e+01,1.566027528751622633e+01,1.591362533990973027e+01,1.657518302993750936e+01,1.705331436771799503e+01,1.774328189536056044e+01,1.855421211157688788e+01,1.871673104107466301e+01,1.862065721098504056e+01,1.964570693247613420e+01,2.210956017306630272e+01,2.066264119012997469e+01,2.239724224551808263e+01,inf,inf,inf,inf,inf,inf,inf,inf
inf,inf,inf,inf,inf,inf,inf,inf,inf,inf,inf,inf,inf,inf,inf,inf,inf,inf,inf,inf,inf,inf,inf,inf,inf,inf,inf,inf,inf,inf,inf,inf,inf,inf,inf,inf,inf,inf,inf,inf,inf,inf,inf,inf,inf,inf,inf,inf,inf,inf,inf,inf,inf,inf,inf,inf,inf,inf,inf,inf,inf,inf,inf,inf,inf,inf,inf,inf,inf,inf,inf,inf,inf,inf,2.188641662175209035e+01,inf,2.036036031825704384e+01,1.775285134637670836e+01,1.666282280139999017e+01,1.662165603873289754e+01,1.676842280933533758e+01,1.712595355135796638e+01,1.774646154827793865e+01,1.813456236847676806e+01,1.924735929213683150e+01,2.072326581194641193e+01,2.141641299250635555e+01,2.349585453418619352e+01,inf,inf,inf,inf,inf,inf,inf,inf,inf,inf,inf,inf
inf,inf,inf,inf,inf,inf,inf,inf,inf,inf,inf,inf,inf,inf,inf,inf,inf,inf,inf,inf,inf,inf,inf,inf,inf,inf,inf,inf,inf,inf,inf,inf,inf,inf,inf,inf,inf,inf,inf,inf,inf,inf,inf,inf,inf,inf,inf,inf,inf,inf,inf,inf,inf,inf,inf,inf,inf,inf,inf,inf,inf,inf,inf,inf,inf,inf,inf,inf,inf,inf,inf,inf,inf,inf,inf,inf,inf,2.050012226063219956e+01,2.060548277629002811e+01,1.936872014914110096e+01,1.907701392638959348e+01,1.892114355568281070e+01,1.891088705551561944e+01,1.971166490026793028e+01,inf,inf,inf,inf,inf,inf,inf,inf,inf,inf,inf,inf,inf,inf,inf,inf
inf,inf,inf,inf,inf,inf,inf,inf,inf,inf,inf,inf,inf,inf,inf,inf,inf,inf,inf,inf,inf,inf,inf,inf,inf,inf,inf,inf,inf,inf,inf,inf,inf,inf,inf,inf,inf,inf,inf,inf,inf,inf,inf,inf,inf,inf,inf,inf,inf,inf,inf,inf,inf,inf,inf,inf,inf,inf,inf,inf,inf,inf,inf,inf,inf,inf,inf,inf,inf,inf,inf,inf,inf,inf,inf,inf,inf,inf,inf,inf,inf,inf,inf,inf,inf,inf,inf,inf,inf,inf,inf,inf,inf,inf,inf,inf,inf,inf,inf,inf
inf,inf,inf,inf,inf,inf,inf,inf,inf,inf,inf,inf,inf,inf,inf,inf,inf,inf,inf,inf,inf,inf,inf,inf,inf,inf,inf,inf,inf,inf,inf,inf,inf,inf,inf,inf,inf,inf,inf,inf,inf,inf,inf,inf,inf,inf,inf,inf,inf,inf,inf,inf,inf,inf,inf,inf,inf,inf,inf,inf,inf,inf,inf,inf,inf,inf,inf,inf,inf,inf,inf,inf,inf,inf,inf,inf,inf,inf,inf,inf,inf,inf,inf,inf,inf,inf,inf,inf,inf,inf,inf,inf,inf,inf,inf,inf,inf,inf,inf,inf
inf,inf,inf,inf,inf,inf,inf,inf,inf,inf,inf,inf,inf,inf,inf,inf,inf,inf,inf,inf,inf,inf,inf,inf,inf,inf,inf,inf,inf,inf,inf,inf,inf,inf,inf,inf,inf,inf,inf,inf,inf,inf,inf,inf,inf,inf,inf,inf,inf,inf,inf,inf,inf,inf,inf,inf,inf,inf,inf,inf,inf,inf,inf,inf,inf,inf,inf,inf,inf,inf,inf,inf,inf,inf,inf,inf,inf,inf,inf,inf,inf,inf,inf,inf,inf,inf,inf,inf,inf,inf,inf,inf,inf,inf,inf,inf,inf,inf,inf,inf
inf,inf,inf,inf,inf,inf,inf,inf,inf,inf,inf,inf,inf,inf,inf,inf,inf,inf,inf,inf,inf,inf,inf,inf,inf,inf,inf,inf,inf,inf,inf,inf,inf,inf,inf,inf,inf,inf,inf,inf,inf,inf,inf,inf,inf,inf,inf,inf,inf,inf,inf,inf,inf,inf,inf,inf,inf,inf,inf,inf,inf,inf,inf,inf,inf,inf,inf,inf,inf,inf,inf,inf,inf,inf,inf,inf,inf,inf,inf,inf,inf,inf,inf,inf,inf,inf,inf,inf,inf,inf,inf,inf,inf,inf,inf,inf,inf,inf,inf,inf
inf,inf,inf,inf,inf,inf,inf,inf,inf,inf,inf,inf,inf,inf,inf,inf,inf,inf,inf,inf,inf,inf,inf,inf,inf,inf,inf,inf,inf,inf,inf,inf,inf,inf,inf,inf,inf,inf,inf,inf,inf,inf,inf,inf,inf,inf,inf,inf,inf,inf,inf,inf,inf,inf,inf,inf,inf,inf,inf,inf,inf,inf,inf,inf,inf,inf,inf,inf,inf,inf,inf,inf,inf,inf,inf,inf,inf,inf,inf,inf,inf,inf,inf,inf,inf,inf,inf,inf,inf,inf,inf,inf,inf,inf,inf,inf,inf,inf,inf,inf
inf,inf,inf,inf,inf,inf,inf,inf,inf,inf,inf,inf,inf,inf,inf,inf,inf,inf,inf,inf,inf,inf,inf,inf,inf,inf,inf,inf,inf,inf,inf,inf,inf,inf,inf,inf,inf,inf,inf,inf,inf,inf,inf,inf,inf,inf,inf,inf,inf,inf,inf,inf,inf,inf,inf,inf,inf,inf,inf,inf,inf,inf,inf,inf,inf,inf,inf,inf,inf,inf,inf,inf,inf,inf,inf,inf,inf,inf,inf,inf,inf,inf,inf,inf,inf,inf,inf,inf,inf,inf,inf,inf,inf,inf,inf,inf,inf,inf,inf,inf
inf,inf,inf,inf,inf,inf,inf,inf,inf,inf,inf,inf,inf,inf,inf,inf,inf,inf,inf,inf,inf,inf,inf,inf,inf,inf,inf,inf,inf,inf,inf,inf,inf,inf,inf,inf,inf,inf,inf,inf,inf,inf,inf,inf,inf,inf,inf,inf,inf,inf,inf,inf,inf,inf,inf,inf,inf,inf,inf,inf,inf,inf,inf,inf,inf,inf,inf,inf,inf,inf,inf,inf,inf,inf,inf,inf,inf,inf,inf,inf,inf,inf,inf,inf,inf,inf,inf,inf,inf,inf,inf,inf,inf,inf,inf,inf,inf,inf,inf,inf
inf,inf,inf,inf,inf,inf,inf,inf,inf,inf,inf,inf,inf,inf,inf,inf,inf,inf,inf,inf,inf,inf,inf,inf,inf,inf,inf,inf,inf,inf,inf,inf,inf,inf,inf,inf,inf,inf,inf,inf,inf,inf,inf,inf,inf,inf,inf,inf,inf,inf,inf,inf,inf,inf,inf,inf,inf,inf,inf,inf,inf,inf,inf,inf,inf,inf,inf,inf,inf,inf,inf,inf,inf,inf,inf,inf,inf,inf,inf,inf,inf,inf,inf,inf,inf,inf,inf,inf,inf,inf,inf,inf,inf,inf,inf,inf,inf,inf,inf,inf
inf,inf,inf,inf,inf,inf,inf,inf,inf,inf,inf,inf,inf,inf,inf,inf,inf,inf,inf,inf,inf,inf,inf,inf,inf,inf,inf,inf,inf,inf,inf,inf,inf,inf,inf,inf,inf,inf,inf,inf,inf,inf,inf,inf,inf,inf,inf,inf,inf,inf,inf,inf,inf,inf,inf,inf,inf,inf,inf,inf,inf,inf,inf,inf,inf,inf,inf,inf,inf,inf,inf,inf,inf,inf,inf,inf,inf,inf,inf,inf,inf,inf,inf,inf,inf,inf,inf,inf,inf,inf,inf,inf,inf,inf,inf,inf,inf,inf,inf,inf
inf,inf,inf,inf,inf,inf,inf,inf,inf,inf,inf,inf,inf,inf,inf,inf,inf,inf,inf,inf,inf,inf,inf,inf,inf,inf,inf,inf,inf,inf,inf,inf,inf,inf,inf,inf,inf,inf,inf,inf,inf,inf,inf,inf,inf,inf,inf,inf,inf,inf,inf,inf,inf,inf,inf,inf,inf,inf,inf,inf,inf,inf,inf,inf,inf,inf,inf,inf,inf,inf,inf,inf,inf,inf,inf,inf,inf,inf,inf,inf,inf,inf,inf,inf,inf,inf,inf,inf,inf,inf,inf,inf,inf,inf,inf,inf,inf,inf,inf,inf
inf,inf,inf,inf,inf,inf,inf,inf,inf,inf,inf,inf,inf,inf,inf,inf,inf,inf,inf,inf,inf,inf,inf,inf,inf,inf,inf,inf,inf,inf,inf,inf,inf,inf,inf,inf,inf,inf,inf,inf,inf,inf,inf,inf,inf,inf,inf,inf,inf,inf,inf,inf,inf,inf,inf,inf,inf,inf,inf,inf,inf,inf,inf,inf,inf,inf,inf,inf,inf,inf,inf,inf,inf,inf,inf,inf,inf,inf,inf,inf,inf,inf,inf,inf,inf,inf,inf,inf,inf,inf,inf,inf,inf,inf,inf,inf,inf,inf,inf,inf
inf,inf,inf,inf,inf,inf,inf,inf,inf,inf,inf,inf,inf,inf,inf,inf,inf,inf,inf,inf,inf,inf,inf,inf,inf,inf,inf,inf,inf,inf,inf,inf,inf,inf,inf,inf,inf,inf,inf,inf,inf,inf,inf,inf,inf,inf,inf,inf,inf,inf,inf,inf,inf,inf,inf,inf,inf,inf,inf,inf,inf,inf,inf,inf,inf,inf,inf,inf,inf,inf,inf,inf,inf,inf,inf,inf,inf,inf,inf,inf,inf,inf,inf,inf,inf,inf,inf,inf,inf,inf,inf,inf,inf,inf,inf,inf,inf,inf,inf,inf
inf,inf,inf,inf,inf,inf,inf,inf,inf,inf,inf,inf,inf,inf,inf,inf,inf,inf,inf,inf,inf,inf,inf,inf,inf,inf,inf,inf,inf,inf,inf,inf,inf,inf,inf,inf,inf,inf,inf,inf,inf,inf,inf,inf,inf,inf,inf,inf,inf,inf,inf,inf,inf,inf,inf,inf,inf,inf,inf,inf,inf,inf,inf,inf,inf,inf,inf,inf,inf,inf,inf,inf,inf,inf,inf,inf,inf,inf,inf,inf,inf,inf,inf,inf,inf,inf,inf,inf,inf,inf,inf,inf,inf,inf,inf,inf,inf,inf,inf,inf
inf,inf,inf,inf,inf,inf,inf,inf,inf,inf,inf,inf,inf,inf,inf,inf,inf,inf,inf,inf,inf,inf,inf,inf,inf,inf,inf,inf,inf,inf,inf,inf,inf,inf,inf,inf,inf,inf,inf,inf,inf,inf,inf,inf,inf,inf,inf,inf,inf,inf,inf,inf,inf,inf,inf,inf,inf,inf,inf,inf,inf,inf,inf,inf,inf,inf,inf,inf,inf,inf,inf,inf,inf,inf,inf,inf,inf,inf,inf,inf,inf,inf,inf,inf,inf,inf,inf,inf,inf,inf,inf,inf,inf,inf,inf,inf,inf,inf,inf,inf
inf,inf,inf,inf,inf,inf,inf,inf,inf,inf,inf,inf,inf,inf,inf,inf,inf,inf,inf,inf,inf,inf,inf,inf,inf,inf,inf,inf,inf,inf,inf,inf,inf,inf,inf,inf,inf,inf,inf,inf,inf,inf,inf,inf,inf,inf,inf,inf,inf,inf,inf,inf,inf,inf,inf,inf,inf,inf,inf,inf,inf,inf,inf,inf,inf,inf,inf,inf,inf,inf,inf,inf,inf,inf,inf,inf,inf,inf,inf,inf,inf,inf,inf,inf,inf,inf,inf,inf,inf,inf,inf,inf,inf,inf,inf,inf,inf,inf,inf,inf
inf,inf,inf,inf,inf,inf,inf,inf,inf,inf,inf,inf,inf,inf,inf,inf,inf,inf,inf,inf,inf,inf,inf,inf,inf,inf,inf,inf,inf,inf,inf,inf,inf,inf,inf,inf,inf,inf,inf,inf,inf,inf,inf,inf,inf,inf,inf,inf,inf,inf,inf,inf,inf,inf,inf,inf,inf,inf,inf,inf,inf,inf,inf,inf,inf,inf,inf,inf,inf,inf,inf,inf,inf,inf,inf,inf,inf,inf,inf,inf,inf,inf,inf,inf,inf,inf,inf,inf,inf,inf,inf,inf,inf,inf,inf,inf,inf,inf,inf,inf
inf,inf,inf,inf,inf,inf,inf,inf,inf,inf,inf,inf,inf,inf,inf,inf,inf,inf,inf,inf,inf,inf,inf,inf,inf,inf,inf,inf,inf,inf,inf,inf,inf,inf,inf,inf,inf,inf,inf,inf,inf,inf,inf,inf,inf,inf,inf,inf,inf,inf,inf,inf,inf,inf,inf,inf,inf,inf,inf,inf,inf,inf,inf,inf,inf,inf,inf,inf,inf,inf,inf,inf,inf,inf,inf,inf,inf,inf,inf,inf,inf,inf,inf,inf,inf,inf,inf,inf,inf,inf,inf,inf,inf,inf,inf,inf,inf,inf,inf,inf
inf,inf,inf,inf,inf,inf,inf,inf,inf,inf,inf,inf,inf,inf,inf,inf,inf,inf,inf,inf,inf,inf,inf,inf,inf,inf,inf,inf,inf,inf,inf,inf,inf,inf,inf,inf,inf,inf,inf,inf,inf,inf,inf,inf,inf,inf,inf,inf,inf,inf,inf,inf,inf,inf,inf,inf,inf,inf,inf,inf,inf,inf,inf,inf,inf,inf,inf,inf,inf,inf,inf,inf,inf,inf,inf,inf,inf,inf,inf,inf,inf,inf,inf,inf,inf,inf,inf,inf,inf,inf,inf,inf,inf,inf,inf,inf,inf,inf,inf,inf
1.752970779506249954e+01,1.856138060105550025e+01,2.009465715252403584e+01,2.119326944119214673e+01,inf,inf,inf,inf,inf,inf,inf,inf,inf,inf,inf,inf,inf,inf,inf,inf,inf,inf,inf,inf,inf,inf,inf,inf,inf,inf,inf,inf,inf,inf,inf,inf,inf,inf,inf,inf,inf,inf,inf,inf,inf,inf,inf,inf,inf,inf,inf,inf,inf,inf,inf,inf,inf,inf,inf,inf,inf,inf,inf,inf,inf,inf,inf,inf,inf,inf,inf,inf,inf,inf,inf,inf,inf,inf,inf,inf,inf,inf,inf,inf,inf,inf,inf,inf,inf,inf,inf,inf,inf,inf,inf,inf,inf,2.154994438513087829e+01,2.003011863138646476e+01,1.866754079688389112e+01
1.089225487064942577e+01,1.228350727380282592e+01,1.369506437988840730e+01,1.573113398941471530e+01,1.828636838134477216e+01,2.239724224551808263e+01,inf,inf,inf,inf,inf,inf,inf,inf,inf,inf,inf,inf,inf,inf,inf,inf,inf,inf,inf,inf,inf,inf,inf,inf,inf,inf,inf,inf,inf,inf,inf,inf,inf,inf,inf,inf,inf,inf,inf,inf,inf,inf,inf,inf,inf,inf,inf,inf,inf,inf,inf,inf,inf,inf,inf,inf,inf,inf,inf,inf,inf,inf,inf,inf,inf,inf,inf,inf,inf,inf,inf,inf,inf,inf,inf,inf,inf,inf,inf,inf,inf,inf,inf,inf,inf,inf,inf,inf,inf,2.280270735362624634e+01,1.819254962612711779e+01,1.568793790525978338e+01,1.366423899388785834e+01,1.226480138437158374e+01
6.577892445517544040e+00,8.056094498597110132e+00,9.586278206738679586e+00,1.182235903758652107e+01,1.467559816827987085e+01,1.825941257135624340e+01,inf,inf,inf,inf,inf,inf,inf,inf,inf,inf,inf,inf,inf,inf,inf,inf,inf,inf,inf,inf,inf,inf,inf,inf,inf,inf,inf,inf,inf,inf,inf,inf,inf,inf,inf,inf,inf,inf,inf,inf,inf,inf,inf,inf,inf,inf,inf,inf,inf,inf,inf,inf,inf,inf,inf,inf,inf,inf,inf,inf,inf,inf,inf,inf,inf,inf,inf,inf,inf,inf,inf,inf,inf,inf,inf,inf,inf,inf,inf,inf,inf,inf,inf,inf,inf,inf,inf,inf,inf,1.819254962612711779e+01,1.455221782827659815e+01,1.173404759817676002e+01,9.525934187109227125e+00,8.022215904618718696e+00
4.283620400246486604e+00,5.832867897300001658e+00,7.491815545445779989e+00,9.921475851676085256e+00,1.305742452077669391e+01,1.688247031580663204e+01,2.210956017306630272e+01,inf,inf,inf,inf,inf,inf,inf,inf,inf,inf,inf,inf,inf,inf,inf,inf,inf,inf,inf,inf,inf,inf,inf,inf,inf,inf,inf,inf,inf,inf,inf,inf,inf,inf,inf,inf,inf,inf,inf,inf,inf,inf,inf,inf,inf,inf,inf,inf,inf,inf,inf,inf,inf,inf,inf,inf,inf,inf,inf,inf,inf,inf,inf,inf,inf,inf,inf,inf,inf,inf,inf,inf,inf,inf,inf,inf,inf,inf,inf,inf,inf,inf,inf,inf,inf,inf,inf,2.154994438513087829e+01,1.663939254959160507e+01,1.286571249378520498e+01,9.784570690431149131e+00,7.399499302831404890e+00,5.779705711721356387e+00
3.698581053047234057e+00,5.323425479206992605e+00,7.121509120437162998e+00,9.749953466350502751e+00,1.312681072733160903e+01,1.718230648790909498e+01,2.031780070383824466e+01,inf,inf,inf,inf,inf,inf,inf,inf,inf,inf,inf,inf,inf,inf,inf,inf,inf,inf,inf,inf,inf,inf,inf,inf,inf,inf,inf,inf,inf,inf,inf,inf,inf,inf,inf,inf,inf,inf,inf,inf,inf,inf,inf,inf,inf,inf,inf,inf,inf,inf,inf,inf,inf,inf,inf,inf,inf,inf,inf,inf,inf,inf,inf,inf,inf,inf,inf,inf,inf,inf,inf,inf,inf,inf,inf,inf,inf,inf,inf,inf,inf,inf,inf,inf,inf,inf,2.280270735362624634e+01,2.016365002401098749e+01,1.691660332217609053e+01,1.286813304055802121e+01,9.559677989155284550e+00,6.992570770910833566e+00,5.249644577126828082e+00
4.654370489263320643e+00,6.354885706555474911e+00,8.288541562314319933e+00,1.111816744900575138e+01,1.479267982514451241e+01,1.929116191479522513e+01,inf,inf,inf,inf,inf,inf,inf,inf,inf,inf,inf,inf,inf,inf,inf,inf,inf,inf,inf,inf,inf,inf,inf,inf,inf,inf,inf,inf,inf,inf,inf,inf,inf,inf,inf,inf,inf,inf,inf,inf,inf,inf,inf,inf,inf,inf,inf,inf,inf,inf,inf,inf,inf,inf,inf,inf,inf,inf,inf,inf,inf,inf,inf,inf,inf,inf,inf,inf,inf,inf,inf,inf,inf,inf,inf,inf,inf,inf,inf,inf,inf,inf,inf,inf,inf,inf,inf,inf,inf,1.902994641553160804e+01,1.444991721850161959e+01,1.086960880834230458e+01,8.122983454972617423e+00,6.259974394699375999e+00
7.103213267441792489e+00,8.859561123693353579e+00,1.090864362670559018e+01,1.390365891974097856e+01,1.761811875240655212e+01,inf,inf,inf,inf,inf,inf,inf,inf,inf,inf,inf,inf,inf,inf,inf,inf,inf,inf,inf,inf,inf,inf,inf,inf,inf,inf,inf,inf,inf,inf,inf,inf,inf,inf,inf,inf,inf,inf,inf,inf,inf,inf,inf,inf,inf,inf,inf,inf,inf,inf,inf,inf,inf,inf,inf,inf,inf,inf,inf,inf,inf,inf,inf,inf,inf,inf,inf,inf,inf,inf,inf,inf,inf,inf,inf,inf,inf,inf,inf,inf,inf,inf,inf,inf,inf,inf,inf,inf,inf,inf,inf,1.729737581769388299e+01,1.360105461004762972e+01,1.070974741672771735e+01,8.745674375212429297e+00
1.108799272800022884e+01,1.285747822951048036e+01,1.497486854453125815e+01,1.815831645448487563e+01,2.349585453418619352e+01,inf,inf,inf,inf,inf,inf,inf,inf,inf,inf,inf,inf,inf,inf,inf,inf,inf,inf,inf,inf,inf,inf,inf,inf,inf,inf,inf,inf,inf,inf,inf,inf,inf,inf,inf,inf,inf,inf,inf,inf,inf,inf,inf,inf,inf,inf,inf,inf,inf,inf,inf,inf,inf,inf,inf,inf,inf,inf,inf,inf,inf,inf,inf,inf,inf,inf,inf,inf,inf,inf,inf,inf,inf,inf,inf,inf,inf,inf,inf,inf,inf,inf,inf,inf,inf,inf,inf,inf,inf,inf,inf,2.239724224551808263e+01,1.782597361120567214e+01,1.475936518318463797e+01,1.272949812377198420e+01
1.655854045296251087e+01,1.832537053914803948e+01,2.109795926138782107e+01,inf,inf,inf,inf,inf,inf,inf,inf,inf,inf,inf,inf,inf,inf,inf,inf,inf,inf,inf,inf,inf,inf,inf,inf,inf,inf,inf,inf,inf,inf,inf,inf,inf,inf,inf,inf,inf,inf,inf,inf,inf,inf,inf,inf,inf,inf,inf,inf,inf,inf,inf,inf,inf,inf,inf,inf,inf,inf,inf,inf,inf,inf,inf,inf,inf,inf,inf,inf,inf,inf,inf,inf,inf,inf,inf,inf,inf,inf,inf,inf,inf,inf,inf,inf,inf,inf,inf,inf,inf,inf,inf,inf,inf,inf,inf,2.072326581194641193e+01,1.818264855514440370e+01
inf,inf,inf,inf,inf,inf,inf,inf,inf,inf,inf,inf,inf,inf,inf,inf,inf,inf,inf,inf,inf,inf,inf,inf,inf,inf,inf,inf,inf,inf,inf,inf,inf,inf,inf,inf,inf,inf,inf,inf,inf,inf,inf,inf,inf,inf,inf,inf,inf,inf,inf,inf,inf,inf,inf,inf,inf,inf,inf,inf,inf,inf,inf,inf,inf,inf,inf,inf,inf,inf,inf,inf,inf,inf,inf,inf,inf,inf,inf,inf,inf,inf,inf,inf,inf,inf,inf,inf,inf,inf,inf,inf,inf,inf,inf,inf,inf,inf,inf,inf
inf,inf,inf,inf,inf,inf,inf,inf,inf,inf,inf,inf,inf,inf,inf,inf,inf,inf,inf,inf,inf,inf,inf,inf,inf,inf,inf,inf,inf,inf,inf,inf,inf,inf,inf,inf,inf,inf,inf,inf,inf,inf,inf,inf,inf,inf,inf,inf,inf,inf,inf,inf,inf,inf,inf,inf,inf,inf,inf,inf,inf,inf,inf,inf,inf,inf,inf,inf,inf,inf,inf,inf,inf,inf,inf,inf,inf,inf,inf,inf,inf,inf,inf,inf,inf,inf,inf,inf,inf,inf,inf,inf,inf,inf,inf,inf,inf,inf,inf,inf
inf,inf,inf,inf,inf,inf,inf,inf,inf,inf,inf,inf,inf,inf,inf,inf,inf,inf,inf,inf,inf,inf,inf,inf,inf,inf,inf,inf,inf,inf,inf,inf,inf,inf,inf,2.141641299250635555e+01,inf,2.239724224551808263e+01,2.045133209646276740e+01,1.958383152875804711e+01,1.975818491590282378e+01,2.040481208082787745e+01,2.023775799616471005e+01,2.031780070383824466e+01,2.239724224551808263e+01,inf,inf,inf,inf,inf,inf,inf,inf,inf,inf,inf,2.280270735362624634e+01,2.045133209646276740e+01,2.036036031825704384e+01,2.040481208082787745e+01,1.983229288805654633e+01,1.950687048762191722e+01,2.060548277629002811e+01,2.210956017306630272e+01,2.280270735362624634e+01,2.210956017306630272e+01,inf,inf,inf,inf,inf,inf,inf,inf,inf,inf,inf,inf,inf,inf,inf,inf,inf,inf,inf,inf,inf,inf,inf,inf,inf,inf,inf,inf,inf,inf,inf,inf,inf,inf
inf,inf,inf,inf,inf,inf,inf,inf,inf,inf,inf,inf,inf,inf,inf,inf,inf,inf,inf,inf,inf,inf,inf,inf,inf,inf,inf,inf,inf,inf,2.188641662175209035e+01,2.066264119012997469e+01,2.239724224551808263e+01,2.078780433308398301e+01,1.915204911233250940e+01,1.828636838134477216e+01,1.762938647725289698e+01,1.713110377733428180e+01,1.670126795330969216e+01,1.659814959105755605e+01,1.653455848827602637e+01,1.650836428718520210e+01,1.683656061450255592e+01,1.685728674501967106e+01,1.716080028268813251e+01,1.776900678659899668e+01,1.812987851916433968e+01,1.888073401734493117e+01,1.994050647269677867e+01,1.983229288805654633e+01,2.031780070383824466e+01,1.973465441849262803e+01,2.009465715252403584e+01,1.899604486385592850e+01,1.817773454034197655e+01,1.782253126701469981e+01,1.723436284986514977e+01,1.693765673137392369e+01,1.694049764237552580e+01,1.656438272858673955e+01,1.657715931516571928e+01,1.663939254959160507e+01,1.675415383953413695e+01,1.718957924723817499e+01,1.767577160383383017e+01,1.838990906028561056e+01,1.921918841517013732e+01,2.072326581194641193e+01,2.239724224551808263e+01,2.072326581194641193e+01,2.188641662175209035e+01,inf,inf,inf,inf,inf,inf,inf,inf,inf,inf,inf,inf,inf,inf,inf,inf,inf,inf,inf,inf,inf,inf,inf,inf,inf,inf,inf,inf,inf
inf,inf,inf,inf,inf,inf,inf,inf,inf,inf,inf,inf,inf,inf,inf,inf,inf,inf,inf,inf,inf,inf,inf,inf,inf,inf,inf,inf,2.093090517672465367e+01,2.027697870931799073e+01,2.119326944119214673e+01,2.020001766818186439e+01,1.950687048762191722e+01,1.799052299825383017e+01,1.708897454811687666e+01,1.586733690761113635e+01,1.501865035098631829e+01,1.427526684575845906e+01,1.377574910064133995e+01,1.348405083816660444e+01,1.331076586076428647e+01,1.323682768231162576e+01,1.329504403216160213e+01,1.348503840389753883e+01,1.383354722045042529e+01,1.424149727679323441e+01,1.483994342345813244e+01,1.554288774326306033e+01,1.625377217492923165e+01,1.655951179835214404e+01,1.692777662277421769e+01,1.659110376422435351e+01,1.630517849985398371e+01,1.558306531349551172e+01,1.491324820422172337e+01,1.429133104753157468e+01,1.388761090630913486e+01,1.352508223484446859e+01,1.334464789776981242e+01,1.327162496157195903e+01,1.335299581323120321e+01,1.351272435399786787e+01,1.380444696060829379e+01,1.431042179791619340e+01,1.504416032500265032e+01,1.591057345554706615e+01,1.712595355135796638e+01,1.805343682366439850e+01,1.966721313769709667e+01,2.027697870931799073e+01,2.109795926138782107e+01,2.020001766818186439e+01,2.154994438513087829e+01,inf,inf,inf,inf,inf,inf,inf,inf,inf,inf,inf,inf,inf,inf,inf,inf,inf,inf,inf,inf,inf,inf,inf,inf,inf,inf,inf
inf,inf,inf,inf,inf,inf,inf,inf,inf,inf,inf,inf,inf,inf,inf,inf,inf,inf,inf,inf,inf,inf,inf,inf,inf,inf,inf,inf,inf,inf,1.996949400957003107e+01,1.827549870910786822e+01,1.737555711523524238e+01,1.603824524447058764e+01,1.475679861135546744e+01,1.362195028419173859e+01,1.266104971575928673e+01,1.187784859276545646e+01,1.122002264424116547e+01,1.073282678004781410e+01,1.041734273586248349e+01,1.025817516176927136e+01,1.024127062295744039e+01,1.037474193868351513e+01,1.064987726949179248e+01,1.106212055789298532e+01,1.160809500466132071e+01,1.226836034328262492e+01,1.300610926276821999e+01,1.379939115108439118e+01,1.421953917328647599e+01,1.383743666329796973e+01,1.305318716438754478e+01,1.231208612711795602e+01,1.164917480866179922e+01,1.110058816604487575e+01,1.068572278539040887e+01,1.040869769751652285e+01,1.027407306238767326e+01,1.028833783824755344e+01,1.044500219619398429e+01,1.076019830071146011e+01,1.124556885022970043e+01,1.190441368114759868e+01,1.268606598140527808e+01,1.365137416223009659e+01,1.477670057072365140e+01,1.608671809026606425e+01,1.738438719468351223e+01,1.827549870910786822e+01,2.009465715252403584e+01,2.239724224551808263e+01,inf,inf,inf,inf,inf,inf,inf,inf,inf,inf,inf,inf,inf,inf,inf,inf,inf,inf,inf,inf,inf,inf,inf,inf,inf,inf,inf,inf
inf,inf,inf,inf,inf,inf,inf,inf,inf,inf,inf,inf,inf,inf,inf,inf,inf,inf,inf,inf,inf,inf,inf,inf,inf,inf,inf,inf,inf,1.991233559573008094e+01,1.804911716251988096e+01,1.662892124972431063e+01,1.539934161668460000e+01,1.418322836866925840e+01,1.299493256191931145e+01,1.185116423603916225e+01,1.078512927879588190e+01,9.863792167430151636e+00,9.084115818961222999e+00,8.476777554458191588e+00,8.043099669903677196e+00,7.777251263638525813e+00,7.678491342745491721e+00,7.748671271716226272e+00,7.978988359198507574e+00,8.362729499860149573e+00,8.894701938799197904e+00,9.563621947679010304e+00,1.034749987563154505e+01,1.113778638669995225e+01,1.155533723922726708e+01,1.116572082335479266e+01,1.037781850626762292e+01,9.594408511151328867e+00,8.920846011415640930e+00,8.386687518619236670e+00,8.000270169469079207e+00,7.767455076766706767e+00,7.695227674558887898e+00,7.792431046487040547e+00,8.057814335660212990e+00,8.492003116592673706e+00,9.101542558016529227e+00,9.883221772206175260e+00,1.080693607439698845e+01,1.187595086272579969e+01,1.302932848643713903e+01,1.420467177436590944e+01,1.545701977639844316e+01,1.665423905770860102e+01,1.812057612650202643e+01,1.991233559573008094e+01,inf,inf,inf,inf,inf,inf,inf,inf,inf,inf,inf,inf,inf,inf,inf,inf,inf,inf,inf,inf,inf,inf,inf,inf,inf,inf,inf,inf
inf,inf,inf,inf,inf,inf,inf,inf,inf,inf,inf,inf,inf,inf,inf,inf,inf,inf,inf,inf,inf,inf,inf,inf,inf,inf,inf,inf,1.983229288805654633e+01,1.790860587578594121e+01,1.666282280139999017e+01,1.545187010296463903e+01,1.420513305026319628e+01,1.297418583358003197e+01,1.177870741315628500e+01,1.060166986324062322e+01,9.483827807959951173e+00,8.480762399237661953e+00,7.614494134640395373e+00,6.905422414668941578e+00,6.366650856633655486e+00,6.001531070214112695e+00,5.814205738717413752e+00,5.807666722164005257e+00,5.976469831496871166e+00,6.317579154387490625e+00,6.820298731292890437e+00,7.469793254356978274e+00,8.237899932082207499e+00,9.016824905305218962e+00,9.424002427334849941e+00,9.035321431344627285e+00,8.257359987059237127e+00,7.486509917982832718e+00,6.833130736689400742e+00,6.327157457463321144e+00,5.983030265657626856e+00,5.812084182288496770e+00,5.817503967111649743e+00,6.004787125184806840e+00,6.371011805090649460e+00,6.911712134619113712e+00,7.624084192173824270e+00,8.493677160390111780e+00,9.500975943455808093e+00,1.062370276482118925e+01,1.179939158529444398e+01,1.299898488927969353e+01,1.423301659325225543e+01,1.546772547475443282e+01,1.671593262671393987e+01,1.790860587578594121e+01,1.980697508007225593e+01,2.349585453418619352e+01,inf,inf,inf,inf,inf,inf,inf,inf,inf,inf,inf,inf,inf,inf,inf,inf,inf,inf,inf,inf,inf,inf,inf,inf,inf,inf
inf,inf,inf,inf,inf,inf,inf,inf,inf,inf,inf,inf,inf,inf,inf,inf,inf,inf,inf,inf,inf,inf,inf,inf,inf,inf,2.239724224551808263e+01,1.935271980779466006e+01,1.822285497562244672e+01,1.648734935210391228e+01,1.548715635119766354e+01,1.447740132387366430e+01,1.335500499309829792e+01,1.219378591222274189e+01,1.104789116880710154e+01,9.920342528354789025e+00,8.822064209741824925e+00,7.801066577767927335e+00,6.888706587313440544e+00,6.110803448785294023e+00,5.488695238678088728e+00,5.035304028142999933e+00,4.763373460345924570e+00,4.674887167365294971e+00,4.769096035651558374e+00,5.042176682444235780e+00,5.483599742317627701e+00,6.076338058635126771e+00,6.787941282073660432e+00,7.514272890858178400e+00,7.886779304020313575e+00,7.524021952206282116e+00,6.797190932886567616e+00,6.082213420391378911e+00,5.485808663579764932e+00,5.041140624552982175e+00,4.765938880350508278e+00,4.670601273700357048e+00,4.758976574040289620e+00,5.032278854541493374e+00,5.487906186226185312e+00,6.113573541980819925e+00,6.894859944531560814e+00,7.811125287500045644e+00,8.836980129643860593e+00,9.937724480280046180e+00,1.106753874258497206e+01,1.221470981392583610e+01,1.337773959010419489e+01,1.450653496814324050e+01,1.549550503886150921e+01,1.651670925911738053e+01,1.825410751912654916e+01,1.940150997196409222e+01,2.239724224551808263e+01,inf,inf,inf,inf,inf,inf,inf,inf,inf,inf,inf,inf,inf,inf,inf,inf,inf,inf,inf,inf,inf,inf,inf,inf,inf
inf,inf,inf,inf,inf,inf,inf,inf,inf,inf,inf,inf,inf,inf,inf,inf,inf,inf,inf,inf,inf,inf,inf,inf,inf,2.280270735362624634e+01,1.968919204441587212e+01,1.807090451670478970e+01,1.699156636064954640e+01,1.564302672190444810e+01,1.458270799503438653e+01,1.368563424962050767e+01,1.275837149250273939e+01,1.177322745733177811e+01,1.076717098492281544e+01,9.750614091609126177e+00,8.737410534433777798e+00,7.762821837909214651e+00,6.857932111613675552e+00,6.058699502091966949e+00,5.390986457035087831e+00,4.877996117369034046e+00,4.534837951814416179e+00,4.370378690835925006e+00,4.385907791726311622e+00,4.578628350681617221e+00,4.937558881521560750e+00,5.446737509666323085e+00,6.066226835219138636e+00,6.686745427440428990e+00,6.992415329267649859e+00,6.690506744332695988e+00,6.069219706492403610e+00,5.446919153192114393e+00,4.934828583207961472e+00,4.573888280991228683e+00,4.380005463566445378e+00,4.364370858797992803e+00,4.529952606434378914e+00,4.875498550072940418e+00,5.391633707820219001e+00,6.063035875738940206e+00,6.864876336379362343e+00,7.772161655227575849e+00,8.750693287337405479e+00,9.765104796705665890e+00,1.078356386358847985e+01,1.178797102354687709e+01,1.277032099735477111e+01,1.370503188730753052e+01,1.459626017426034217e+01,1.568469114916091378e+01,1.702350823968529170e+01,1.809317715231391333e+01,1.971166490026793028e+01,2.280270735362624634e+01,inf,inf,inf,inf,inf,inf,inf,inf,inf,inf,inf,inf,inf,inf,inf,inf,inf,inf,inf,inf,inf,inf,inf,inf
inf,inf,inf,inf,inf,inf,inf,inf,inf,inf,inf,inf,inf,inf,inf,inf,inf,inf,inf,inf,inf,inf,inf,2.119326944119214673e+01,2.020001766818186439e+01,1.856860084902898578e+01,1.751191825349900100e+01,1.639500262524214236e+01,1.561127802358986827e+01,1.472759138881490593e+01,1.392135727792352107e+01,1.309019872497525583e+01,1.231422870682346726e+01,1.149461289288058552e+01,1.066123189762126700e+01,9.829495008475429785e+00,8.981719324434855878e+00,8.135607158139697148e+00,7.315008991985481934e+00,6.562223022626201718e+00,5.908742376567126087e+00,5.381954825611639848e+00,5.003382971321620687e+00,4.787727218010047636e+00,4.739554545878528202e+00,4.859035776495756132e+00,5.135033821923802755e+00,5.548334959265642574e+00,6.055697143371023827e+00,6.549042799678137072e+00,6.781401551642942671e+00,6.551008250139781275e+00,6.057163316101846107e+00,5.548032531435484138e+00,5.133357166815729400e+00,4.856147422901679889e+00,4.736495909264029081e+00,4.785360003999223011e+00,5.002705781370809568e+00,5.383713451057589694e+00,5.913248689847913298e+00,6.569655547765435699e+00,7.323062196954372105e+00,8.143304513392854105e+00,8.992725551102852322e+00,9.841233645450014222e+00,1.067370745547111177e+01,1.150449234865197568e+01,1.232342137550006633e+01,1.309944059777190439e+01,1.393183369725160503e+01,1.474343113032059804e+01,1.562187615458169176e+01,1.640995306982058111e+01,1.748704134874359539e+01,1.860550540596443980e+01,2.020001766818186439e+01,2.141641299250635555e+01,inf,inf,inf,inf,inf,inf,inf,inf,inf,inf,inf,inf,inf,inf,inf,inf,inf,inf,inf,inf,inf,inf
inf,inf,inf,inf,inf,inf,inf,inf,inf,inf,inf,inf,inf,inf,inf,inf,inf,inf,inf,inf,inf,inf,2.349585453418619352e+01,2.009465715252403584e+01,1.887088172090192018e+01,1.774965134364603969e+01,1.635144735386505133e+01,1.549819140716609134e+01,1.475808107385890899e+01,1.396764241859517064e+01,1.310784426630512556e+01,1.240612545135444300e+01,1.175184909478823947e+01,1.110572849901730486e+01,1.046566346485909094e+01,9.828356864223611211e+00,9.189453136484424078e+00,8.544161374022598565e+00,7.902241000524695913e+00,7.286360252658318437e+00,6.731011201755706885e+00,6.265423488591154388e+00,5.916005024390813105e+00,5.703439052373797225e+00,5.636288826480554626e+00,5.715469047699259342e+00,5.933153303558349911e+00,6.265051137252937608e+00,6.669438106155437751e+00,7.046616683191012420e+00,7.213658325164238327e+00,7.049141774645280023e+00,6.672741779767470405e+00,6.268138407592142691e+00,5.935509444486739561e+00,5.717118841561638298e+00,5.638053980537635290e+00,5.705637857361018028e+00,5.919265309763480865e+00,6.269966196992869278e+00,6.737396898861428340e+00,7.293974783299187692e+00,7.908697762529999231e+00,8.550157118982264493e+00,9.196486136286633695e+00,9.836466933042757432e+00,1.047331149206407375e+01,1.111402348900374015e+01,1.175841845276125852e+01,1.241931225295932251e+01,1.311486032067692875e+01,1.398370731571283265e+01,1.477981048402478947e+01,1.551480477452023443e+01,1.637621889616855597e+01,1.780212239538349195e+01,1.891088705551561944e+01,2.003011863138646476e+01,2.349585453418619352e+01,inf,inf,inf,inf,inf,inf,inf,inf,inf,inf,inf,inf,inf,inf,inf,inf,inf,inf,inf,inf,inf
inf,inf,inf,inf,inf,inf,inf,inf,inf,inf,inf,inf,inf,inf,inf,inf,inf,inf,inf,inf,inf,2.349585453418619352e+01,1.991233559573008094e+01,1.824883046202570469e+01,1.721358778729018724e+01,1.608007755877079958e+01,1.510399783408125174e+01,1.424937511559413572e+01,1.351790907073205439e+01,1.276130739413856929e+01,1.211179706667582856e+01,1.152254026461189973e+01,1.095958285894524487e+01,1.044145099060743220e+01,9.972767940359126726e+00,9.530809075589301571e+00,9.108166841945925185e+00,8.696750921032460724e+00,8.287670504958461137e+00,7.888446349871331087e+00,7.518546596526183734e+00,7.207190626659987664e+00,6.973285266484863243e+00,6.841718305266860867e+00,6.825932324152484298e+00,6.926008587054650611e+00,7.133870717054561439e+00,7.427874450355879787e+00,7.764757844968053213e+00,8.061200119230191419e+00,8.185182878427417208e+00,8.065869568251166299e+00,7.771058985973009037e+00,7.434925179451828292e+00,7.140401390308895202e+00,6.931524966013771660e+00,6.830898905826127354e+00,6.845955734393176506e+00,6.977401731880371827e+00,7.210921083491066419e+00,7.522634261963494495e+00,7.892601062564363446e+00,8.290606549261831049e+00,8.700646988981215912e+00,9.112493614216830906e+00,9.535193966889430328e+00,9.979842252519048884e+00,1.044906635863699762e+01,1.096796654137843952e+01,1.153281569610570223e+01,1.212724988749239330e+01,1.277923918189024732e+01,1.353216597895930740e+01,1.427210447530009141e+01,1.512206992606531131e+01,1.612122551896724687e+01,1.726340651763566925e+01,1.830289768329598132e+01,2.006186732970104458e+01,2.349585453418619352e+01,inf,inf,inf,inf,inf,inf,inf,inf,inf,inf,inf,inf,inf,inf,inf,inf,inf,inf,inf,inf
inf,inf,inf,inf,inf,inf,inf,inf,inf,inf,inf,inf,inf,inf,inf,inf,inf,inf,inf,inf,2.239724224551808263e+01,1.964570693247613420e+01,1.812987851916433968e+01,1.701274718272899378e+01,1.575562500942301014e+01,1.452822286901905890e+01,1.358718045496276439e+01,1.272751692344430552e+01,1.198258912700286594e+01,1.134947350835432367e+01,1.078163083837513092e+01,1.029530124139145997e+01,9.862383972657710274e+00,9.496724928200540816e+00,9.187422479045578072e+00,8.927823780307642565e+00,8.717416635510121026e+00,8.538082971976598046e+00,8.385157735935321099e+00,8.244943786474149050e+00,8.124624401480602387e+00,8.032643886806662081e+00,7.984816995327301825e+00,8.008520546199935808e+00,8.109815305453379253e+00,8.294429937415390697e+00,8.552318850657243843e+00,8.857156301639927065e+00,9.174451500446320296e+00,9.437069224146721780e+00,9.546684966740773604e+00,9.442610576251251331e+00,9.183515253642406506e+00,8.867149658352522223e+00,8.561813380674259122e+00,8.302417024436762105e+00,8.116365251823138394e+00,8.013431622112149100e+00,7.988175034429776389e+00,8.034987527593692391e+00,8.126378393983666015e+00,8.245784827013681095e+00,8.386300878166180084e+00,8.538932768437332399e+00,8.719690007434339307e+00,8.931107619920062746e+00,9.192851669307485096e+00,9.502777875372940386e+00,9.871894388195217473e+00,1.030542324627278816e+01,1.079376944022923190e+01,1.136534630552600866e+01,1.199732215450360151e+01,1.274228015689921456e+01,1.360423715422055224e+01,1.456179481193734837e+01,1.578117706038526435e+01,1.702815580808183782e+01,1.814399640071012598e+01,1.975818491590282378e+01,2.210956017306630272e+01,inf,inf,inf,inf,inf,inf,inf,inf,inf,inf,inf,inf,inf,inf,inf,inf,inf,inf,inf
inf,inf,inf,inf,inf,inf,inf,inf,inf,inf,inf,inf,inf,inf,inf,inf,inf,inf,inf,2.349585453418619352e+01,1.980697508007225593e+01,1.805343682366439850e+01,1.721545869522599759e+01,1.579601212678920596e+01,1.449475480835522845e+01,1.325925753573404009e+01,1.220739849911884534e+01,1.128161036666845618e+01,1.052588271809908527e+01,9.891635540630998591e+00,9.372679145639667198e+00,8.955243290196808204e+00,8.634261184321250227e+00,8.394659488506786005e+00,8.238979922789583910e+00,8.160766440781118902e+00,8.152317874922593077e+00,8.209453214321458248e+00,8.310774448668297509e+00,8.440283631236146888e+00,8.588915764683884291e+00,8.750663685908797618e+00,8.931826896928747317e+00,9.147347355492012611e+00,9.408211423364880588e+00,9.718896672548131832e+00,1.006144921001778236e+01,1.041418190991464598e+01,1.074844063899686830e+01,1.100242111781607335e+01,1.110599890027361347e+01,1.100764139241416117e+01,1.075823934979998775e+01,1.042555948827519963e+01,1.007310512245852330e+01,9.728246184740681812e+00,9.415914921824146688e+00,9.153474545387467742e+00,8.935012398424525770e+00,8.753357844592724035e+00,8.590073382955043968e+00,8.440363210260258597e+00,8.310167818232605086e+00,8.208838899998042393e+00,8.151783202835733988e+00,8.161776732819534530e+00,8.240767886460854896e+00,8.398010277678194413e+00,8.639565623625177437e+00,8.962207154018367206e+00,9.380091246596284904e+00,9.900445907954434688e+00,1.053748411330035140e+01,1.129349878777512473e+01,1.222333323148930972e+01,1.327006611480266862e+01,1.453090332247153960e+01,1.581938088779703655e+01,1.724587929192670899e+01,1.805777522526299705e+01,2.003011863138646476e+01,2.349585453418619352e+01,inf,inf,inf,inf,inf,inf,inf,inf,inf,inf,inf,inf,inf,inf,inf,inf,inf,inf
inf,inf,inf,inf,inf,inf,inf,inf,inf,inf,inf,inf,inf,inf,inf,inf,inf,inf,inf,inf,2.060548277629002811e+01,1.888073401734493117e+01,1.719874521425225566e+01,1.550426225211809950e+01,1.401441889336262747e+01,1.267551640651739397e+01,1.146808951206990912e+01,1.043591990505617773e+01,9.574684805166056023e+00,8.873597611228872140e+00,8.329672129543615355e+00,7.930007376447752776e+00,7.659991298738177079e+00,7.512907125106115025e+00,7.478455624541128444e+00,7.549840448154164108e+00,7.715785787719151578e+00,7.969756059906841550e+00,8.289117298996480088e+00,8.652955617430237112e+00,9.043025094497222582e+00,9.439765303826348486e+00,9.845561838682506561e+00,1.024751246412599848e+01,1.066837241462701691e+01,1.108460273521742145e+01,1.150655204327984471e+01,1.190561623811333014e+01,1.225112228908389689e+01,1.247342932652070857e+01,1.254988422453815033e+01,1.247907956797125806e+01,1.226158533046043253e+01,1.191610254256043255e+01,1.151839034540129525e+01,1.109586531464333881e+01,1.067704248239832232e+01,1.025512340321743032e+01,9.852090051075718335e+00,9.443235194264815391e+00,9.046341887522835634e+00,8.653808237264493997e+00,8.289136205691939097e+00,7.967996649626439165e+00,7.713169383690453351e+00,7.546642731797553516e+00,7.475579782251543293e+00,7.510076498492544772e+00,7.657606392839066523e+00,7.928647588172822225e+00,8.330007417343654907e+00,8.875559718889689975e+00,9.579198129817852347e+00,1.044479813231483689e+01,1.148136015691269840e+01,1.269930393589521245e+01,1.404704859479801549e+01,1.553030896105619973e+01,1.729941040639167227e+01,1.888073401734493117e+01,2.045133209646276740e+01,inf,inf,inf,inf,inf,inf,inf,inf,inf,inf,inf,inf,inf,inf,inf,inf,inf,inf,inf
inf,inf,inf,inf,inf,inf,inf,inf,inf,inf,inf,inf,inf,inf,inf,inf,inf,inf,inf,inf,2.060548277629002811e+01,1.960403423607556661e+01,1.774646154827793865e+01,1.611124415100921681e+01,1.450653496814324050e+01,1.295135555551064677e+01,1.160430087106139219e+01,1.042212693286974812e+01,9.436627897981891167e+00,8.647884310653356721e+00,8.041596418796954637e+00,7.615853902761211991e+00,7.364191635963602600e+00,7.266993390809165732e+00,7.313504433684816064e+00,7.488906556671303782e+00,7.779727262026023382e+00,8.163588179978525261e+00,8.621871623062535406e+00,9.135137795521584891e+00,9.676933797496701573e+00,1.022344144587300718e+01,1.076251516354968807e+01,1.127484401629181043e+01,1.179102853764168657e+01,1.227182521168592366e+01,1.267699667323565116e+01,1.304176310787566173e+01,1.333293007463858615e+01,1.354276762115877908e+01,1.361994374942029928e+01,1.354600834267204768e+01,1.333656264809630621e+01,1.304911289066473579e+01,1.268483449144980924e+01,1.227727328454129463e+01,1.180024091296113653e+01,1.128255804356669856e+01,1.077008374238643107e+01,1.023023272555876595e+01,9.683951475429539713e+00,9.139049285019828162e+00,8.622947509613949180e+00,8.163186059241457571e+00,7.777137948920493038e+00,7.484546527861100529e+00,7.307672156885006487e+00,7.260592304208509873e+00,7.357979883661805331e+00,7.610535433250421811e+00,8.038249540171351626e+00,8.648738675071420801e+00,9.442346492818272097e+00,1.043480714253527708e+01,1.162313798548787958e+01,1.297820889734049032e+01,1.451946591224082184e+01,1.613829833327583785e+01,1.784688029602498460e+01,1.971166490026793028e+01,2.055141555501975148e+01,inf,inf,inf,inf,inf,inf,inf,inf,inf,inf,inf,inf,inf,inf,inf,inf,inf,inf,inf
inf,inf,inf,inf,inf,inf,inf,inf,inf,inf,inf,inf,inf,inf,inf,inf,inf,inf,inf,inf,inf,2.066264119012997469e+01,1.971166490026793028e+01,1.752714697420082501e+01,1.578341069991120271e+01,1.411594017823855651e+01,1.264676990658393407e+01,1.136439229470081891e+01,1.028559750244671278e+01,9.415490504710158248e+00,8.757135229092343209e+00,8.308265686302382491e+00,8.059405845521986578e+00,7.998011055548908566e+00,8.098032686178161299e+00,8.342816367045527315e+00,8.705280312321781011e+00,9.159338938933306196e+00,9.674151191159513274e+00,1.023611640931659572e+01,1.082273575348765604e+01,1.139899425762959062e+01,1.192317070484513408e+01,1.244417119279312622e+01,1.295122387433691458e+01,1.344489570229185560e+01,1.379118384097321659e+01,1.416577748060767661e+01,1.447752248459350710e+01,1.465672278164008269e+01,1.465079748068534116e+01,1.466618910151095534e+01,1.448616263569684826e+01,1.417854494121276687e+01,1.380123787367755561e+01,1.345704968470243479e+01,1.295865138485954482e+01,1.245620203692936911e+01,1.193578788291116055e+01,1.140933711872167677e+01,1.083473962455044237e+01,1.024576307081430748e+01,9.684249593224411257e+00,9.167750915293591873e+00,8.710330124378813821e+00,8.346274395819875735e+00,8.098629840718633233e+00,7.997674747212904833e+00,8.058649681046080815e+00,8.308968601807070087e+00,8.761064116245750100e+00,9.424249324768021907e+00,1.030152218494480287e+01,1.138777516474607054e+01,1.267980318618354296e+01,1.416329652948576090e+01,1.585621224632817849e+01,1.754261119989840623e+01,1.985826837445980786e+01,2.066264119012997469e+01,inf,inf,inf,inf,inf,inf,inf,inf,inf,inf,inf,inf,inf,inf,inf,inf,inf,inf,inf,inf
inf,inf,inf,inf,inf,inf,inf,inf,inf,inf,inf,inf,inf,inf,inf,inf,inf,inf,inf,inf,inf,inf,2.188641662175209035e+01,1.960403423607556661e+01,1.774646154827793865e+01,1.617930635700321673e+01,1.455811059724374878e+01,1.317724861651376145e+01,1.207924175135787870e+01,1.120106155609648901e+01,1.054165895229988692e+01,1.010654509709498150e+01,9.902319459992712680e+00,9.886903309060070200e+00,1.004249818969295660e+01,1.034439848257859040e+01,1.075486871336096684e+01,1.122153929855977061e+01,1.173520998533571280e+01,1.224507335787990669e+01,1.273006791834480644e+01,1.322536553999402820e+01,1.368196351546182044e+01,1.411147682500375211e+01,1.449759414116823919e+01,1.486783578768107006e+01,1.523252186674622521e+01,1.561921607321072969e+01,1.580009654363143135e+01,1.593525337141763565e+01,1.595789187441798340e+01,1.592644274173547991e+01,1.581521710662525670e+01,1.561203131929404009e+01,1.526394629062201425e+01,1.488244248502941147e+01,1.450890774477942813e+01,1.413752528449655976e+01,1.370441648545868674e+01,1.325044533436068406e+01,1.275908836176997418e+01,1.227273339204884550e+01,1.176403453219116813e+01,1.125076792764371802e+01,1.078232292573816054e+01,1.036979001446689352e+01,1.006595498777023323e+01,9.906525888684067027e+00,9.920923657197995738e+00,1.012514312390456084e+01,1.056115415370158495e+01,1.122339507666082881e+01,1.211309470379276121e+01,1.322170037908459506e+01,1.460461810467013066e+01,1.625520483993072673e+01,1.782597361120567214e+01,1.958383152875804711e+01,2.170409506495813545e+01,inf,inf,inf,inf,inf,inf,inf,inf,inf,inf,inf,inf,inf,inf,inf,inf,inf,inf,inf,inf,inf
inf,inf,inf,inf,inf,inf,inf,inf,inf,inf,inf,inf,inf,inf,inf,inf,inf,inf,inf,inf,inf,inf,inf,inf,2.210956017306630272e+01,1.883241544007412571e+01,1.684686998416141535e+01,1.561921607321072969e+01,1.468092993446517269e+01,1.389841671146002966e+01,1.330643644223708932e+01,1.297031309119836351e+01,1.286399745538035866e+01,1.294817372866804561e+01,1.319931189361858159e+01,1.357550986458364051e+01,1.401617428400609278e+01,1.446691614194457998e+01,1.495689985098844232e+01,1.541437949404913965e+01,1.561353961520592470e+01,1.603478901983190852e+01,1.621446887061591013e+01,1.657814892435088794e+01,1.677442883339555024e+01,1.712938408645475263e+01,1.773695276030891321e+01,1.784336535391754097e+01,1.802358386051471584e+01,1.807975413198177250e+01,1.805777522526299705e+01,1.815831645448487563e+01,1.794677844929097077e+01,1.788638273900123110e+01,1.767280863870317376e+01,1.716257490604650116e+01,1.681249358841991892e+01,1.660017183643832439e+01,1.624380058233337820e+01,1.608369419924098764e+01,1.567340980469687395e+01,1.546511961008765113e+01,1.502303129050589448e+01,1.453538677326624295e+01,1.408748331171087464e+01,1.364045489245711984e+01,1.325439586890511556e+01,1.299520771050127976e+01,1.290972478573526594e+01,1.301580979869949317e+01,1.334981303681603038e+01,1.394947058888035052e+01,1.471245830199529792e+01,1.565948477364106850e+01,1.691244531202742607e+01,1.890073468405160284e+01,2.239724224551808263e+01,inf,inf,inf,inf,inf,inf,inf,inf,inf,inf,inf,inf,inf,inf,inf,inf,inf,inf,inf,inf,inf,inf,inf
inf,inf,inf,inf,inf,inf,inf,inf,inf,inf,inf,inf,inf,inf,inf,inf,inf,inf,inf,inf,inf,inf,inf,inf,2.239724224551808263e+01,2.020001766818186439e+01,1.915204911233250940e+01,1.790486755367533434e+01,1.722486610232789417e+01,1.697670724624579819e+01,1.655951179835214404e+01,1.652512445604266489e+01,1.678168400427671969e+01,1.710897521482354833e+01,1.724010449243282395e+01,1.748458735978202938e+01,1.828091877657720588e+01,1.883241544007412571e+01,1.916512119389986069e+01,1.908913528692193751e+01,1.941831709028047115e+01,2.012855870419971893e+01,2.349585453418619352e+01,1.938498067001287950e+01,1.964570693247613420e+01,2.040481208082787745e+01,2.050012226063219956e+01,1.994050647269677867e+01,2.003011863138646476e+01,2.040481208082787745e+01,2.119326944119214673e+01,2.036036031825704384e+01,2.009465715252403584e+01,2.009465715252403584e+01,2.072326581194641193e+01,2.031780070383824466e+01,1.973465441849262803e+01,1.948852134895372146e+01,inf,2.016365002401098749e+01,1.978228246748188468e+01,1.908913528692193751e+01,1.923317465714487540e+01,1.895255975191618703e+01,1.837786072176943719e+01,1.752459269439572864e+01,1.735166890006054530e+01,1.720058853274654709e+01,1.683527938434650650e+01,1.658211718352650621e+01,1.661958992229542531e+01,1.700664960286087535e+01,1.722675825047993214e+01,1.791235822540449263e+01,1.912640668171917113e+01,2.040481208082787745e+01,2.280270735362624634e+01,inf,inf,inf,inf,inf,inf,inf,inf,inf,inf,inf,inf,inf,inf,inf,inf,inf,inf,inf,inf,inf,inf,inf
inf,inf,inf,inf,inf,inf,inf,inf,inf,inf,inf,inf,inf,inf,inf,inf,inf,inf,inf,inf,inf,inf,inf,inf,inf,inf,2.170409506495813545e+01,2.006186732970104458e+01,2.006186732970104458e+01,2.045133209646276740e+01,1.991233559573008094e+01,1.940150997196409222e+01,2.055141555501975148e+01,2.349585453418619352e+01,2.349585453418619352e+01,2.349585453418619352e+01,2.349585453418619352e+01,inf,inf,inf,inf,inf,inf,inf,inf,inf,inf,inf,inf,inf,inf,inf,inf,inf,inf,inf,inf,inf,inf,inf,inf,inf,inf,inf,2.349585453418619352e+01,inf,inf,2.280270735362624634e+01,2.031780070383824466e+01,1.948852134895372146e+01,2.006186732970104458e+01,2.060548277629002811e+01,2.023775799616471005e+01,2.006186732970104458e+01,2.239724224551808263e+01,inf,inf,inf,inf,inf,inf,inf,inf,inf,inf,inf,inf,inf,inf,inf,inf,inf,inf,inf,inf,inf,inf,inf,inf,inf
inf,inf,inf,inf,inf,inf,inf,inf,inf,inf,inf,inf,inf,inf,inf,inf,inf,inf,inf,inf,inf,inf,inf,inf,inf,inf,inf,inf,inf,inf,inf,inf,inf,inf,inf,inf,inf,inf,inf,inf,inf,inf,inf,inf,inf,inf,inf,inf,inf,inf,inf,inf,inf,inf,inf,inf,inf,inf,inf,inf,inf,inf,inf,inf,inf,inf,inf,inf,inf,inf,inf,inf,inf,inf,inf,inf,inf,inf,inf,inf,inf,inf,inf,inf,inf,inf,inf,inf,inf,inf,inf,inf,inf,inf,inf,inf,inf,inf,inf,inf
inf,inf,inf,inf,inf,inf,inf,inf,inf,inf,inf,inf,inf,inf,inf,inf,inf,inf,inf,inf,inf,inf,inf,inf,inf,inf,inf,inf,inf,inf,inf,inf,inf,inf,inf,inf,inf,inf,inf,inf,inf,inf,inf,inf,inf,inf,inf,inf,inf,inf,inf,inf,inf,inf,inf,inf,inf,inf,inf,inf,inf,inf,inf,inf,inf,inf,inf,inf,inf,inf,inf,inf,inf,inf,inf,inf,inf,inf,inf,inf,inf,inf,inf,inf,inf,inf,inf,inf,inf,inf,inf,inf,inf,inf,inf,inf,inf,inf,inf,inf
inf,inf,inf,inf,inf,inf,inf,inf,inf,inf,inf,inf,inf,inf,inf,inf,inf,inf,inf,inf,inf,inf,inf,inf,inf,inf,inf,inf,inf,inf,inf,inf,inf,inf,inf,inf,inf,inf,inf,inf,inf,inf,inf,inf,inf,inf,inf,inf,inf,inf,inf,inf,inf,inf,inf,inf,inf,inf,inf,inf,inf,inf,inf,inf,inf,inf,inf,inf,inf,inf,inf,inf,inf,inf,inf,inf,inf,inf,inf,inf,inf,inf,inf,inf,inf,inf,inf,inf,inf,inf,inf,inf,inf,inf,inf,inf,inf,inf,inf,inf
inf,inf,inf,inf,inf,inf,inf,inf,inf,inf,inf,inf,inf,inf,inf,inf,inf,inf,inf,inf,inf,inf,inf,inf,inf,inf,inf,inf,inf,inf,inf,inf,inf,inf,inf,inf,inf,inf,inf,inf,inf,inf,inf,inf,inf,inf,inf,inf,inf,inf,inf,inf,inf,inf,inf,inf,inf,inf,inf,inf,inf,inf,inf,inf,inf,inf,inf,inf,inf,inf,inf,inf,inf,inf,inf,inf,inf,inf,inf,inf,inf,inf,inf,inf,inf,inf,inf,inf,inf,inf,inf,inf,inf,inf,inf,inf,inf,inf,inf,inf
inf,inf,inf,inf,inf,inf,inf,inf,inf,inf,inf,inf,inf,inf,inf,inf,inf,inf,inf,inf,inf,inf,inf,inf,inf,inf,inf,inf,inf,inf,inf,inf,inf,inf,inf,inf,inf,inf,inf,inf,inf,inf,inf,inf,inf,inf,inf,inf,inf,inf,inf,inf,inf,inf,inf,inf,inf,inf,inf,inf,inf,inf,inf,inf,inf,inf,inf,inf,inf,inf,inf,inf,inf,inf,inf,inf,inf,inf,inf,inf,inf,inf,inf,inf,inf,inf,inf,inf,inf,inf,inf,inf,inf,inf,inf,inf,inf,inf,inf,inf
inf,inf,inf,inf,inf,inf,inf,inf,inf,inf,inf,inf,inf,inf,inf,inf,inf,inf,inf,inf,inf,inf,inf,inf,inf,inf,inf,inf,inf,inf,inf,inf,inf,inf,inf,inf,inf,inf,inf,inf,inf,inf,inf,inf,inf,inf,inf,inf,inf,inf,inf,inf,inf,inf,inf,inf,inf,inf,inf,inf,inf,inf,inf,inf,inf,inf,inf,inf,inf,inf,inf,inf,inf,inf,inf,inf,inf,inf,inf,inf,inf,inf,inf,inf,inf,inf,inf,inf,inf,inf,inf,inf,inf,inf,inf,inf,inf,inf,inf,inf
inf,inf,inf,inf,inf,inf,inf,inf,inf,inf,inf,inf,inf,inf,inf,inf,inf,inf,inf,inf,inf,inf,inf,inf,inf,inf,inf,inf,inf,inf,inf,inf,inf,inf,inf,inf,inf,inf,inf,inf,inf,inf,inf,inf,inf,inf,inf,inf,inf,inf,inf,inf,inf,inf,inf,inf,inf,inf,inf,inf,inf,inf,inf,inf,inf,inf,inf,inf,inf,inf,inf,inf,inf,inf,inf,inf,inf,inf,inf,inf,inf,inf,inf,inf,inf,inf,inf,inf,inf,inf,inf,inf,inf,inf,inf,inf,inf,inf,inf,inf
inf,inf,inf,inf,inf,inf,inf,inf,inf,inf,inf,inf,inf,inf,inf,inf,inf,inf,inf,inf,inf,inf,inf,inf,inf,inf,inf,inf,inf,inf,inf,inf,inf,inf,inf,inf,inf,inf,inf,inf,inf,inf,inf,inf,inf,inf,inf,inf,inf,inf,inf,inf,inf,inf,inf,inf,inf,inf,inf,inf,inf,inf,inf,inf,inf,inf,inf,inf,inf,inf,inf,inf,inf,inf,inf,inf,inf,inf,inf,inf,inf,inf,inf,inf,inf,inf,inf,inf,inf,inf,inf,inf,inf,inf,inf,inf,inf,inf,inf,inf
inf,inf,inf,inf,inf,inf,inf,inf,inf,inf,inf,inf,inf,inf,inf,inf,inf,inf,inf,inf,inf,inf,inf,inf,inf,inf,inf,inf,inf,inf,inf,inf,inf,inf,inf,inf,inf,inf,inf,inf,inf,inf,inf,inf,inf,inf,inf,inf,inf,inf,inf,inf,inf,inf,inf,inf,inf,inf,inf,inf,inf,inf,inf,inf,inf,inf,inf,inf,inf,inf,inf,inf,inf,inf,inf,inf,inf,inf,inf,inf,inf,inf,inf,inf,inf,inf,inf,inf,inf,inf,inf,inf,inf,inf,inf,inf,inf,inf,inf,inf
inf,inf,inf,inf,inf,inf,inf,inf,inf,inf,inf,inf,inf,inf,inf,inf,inf,inf,inf,inf,inf,inf,inf,inf,inf,inf,inf,inf,inf,inf,inf,inf,inf,inf,inf,inf,inf,inf,inf,inf,inf,inf,inf,inf,inf,inf,inf,inf,inf,inf,inf,inf,inf,inf,inf,inf,inf,inf,inf,inf,inf,inf,inf,inf,inf,inf,inf,inf,inf,inf,inf,inf,inf,inf,inf,inf,inf,inf,inf,inf,inf,inf,inf,inf,inf,inf,inf,inf,inf,inf,inf,inf,inf,inf,inf,inf,inf,inf,inf,inf
inf,inf,inf,inf,inf,inf,inf,inf,inf,inf,inf,inf,inf,inf,inf,inf,inf,inf,inf,inf,inf,inf,inf,inf,inf,inf,inf,inf,inf,inf,inf,inf,inf,inf,inf,inf,inf,inf,inf,inf,inf,inf,inf,inf,inf,inf,inf,inf,inf,inf,inf,inf,inf,inf,inf,inf,inf,inf,inf,inf,inf,inf,inf,inf,inf,inf,inf,inf,inf,inf,inf,inf,inf,inf,inf,inf,inf,inf,inf,inf,inf,inf,inf,inf,inf,inf,inf,inf,inf,inf,inf,inf,inf,inf,inf,inf,inf,inf,inf,inf
inf,inf,inf,inf,inf,inf,inf,inf,inf,inf,inf,inf,inf,inf,inf,inf,inf,inf,inf,inf,inf,inf,inf,inf,inf,inf,inf,inf,inf,inf,inf,inf,inf,inf,inf,inf,inf,inf,inf,inf,inf,inf,inf,inf,inf,inf,inf,inf,inf,inf,inf,inf,inf,inf,inf,inf,inf,inf,inf,inf,inf,inf,inf,inf,inf,inf,inf,inf,inf,inf,inf,inf,inf,inf,inf,inf,inf,inf,inf,inf,inf,inf,inf,inf,inf,inf,inf,inf,inf,inf,inf,inf,inf,inf,inf,inf,inf,inf,inf,inf
inf,inf,inf,inf,inf,inf,inf,inf,inf,inf,inf,inf,inf,inf,inf,inf,inf,inf,inf,inf,inf,inf,inf,inf,inf,inf,inf,inf,inf,inf,inf,inf,inf,inf,inf,inf,inf,inf,inf,inf,inf,inf,inf,inf,inf,inf,inf,inf,inf,inf,inf,inf,inf,inf,inf,inf,inf,inf,inf,inf,inf,inf,inf,inf,inf,inf,inf,inf,inf,inf,inf,inf,inf,inf,inf,inf,inf,inf,inf,inf,inf,inf,inf,inf,inf,inf,inf,inf,inf,inf,inf,inf,inf,inf,inf,inf,inf,inf,inf,inf
inf,inf,inf,inf,inf,inf,inf,inf,inf,inf,inf,inf,inf,inf,inf,inf,inf,inf,inf,inf,inf,inf,inf,inf,inf,inf,inf,inf,inf,inf,inf,inf,inf,inf,inf,inf,inf,inf,inf,inf,inf,inf,inf,inf,inf,inf,inf,inf,inf,inf,inf,inf,inf,inf,inf,inf,inf,inf,inf,inf,inf,inf,inf,inf,inf,inf,inf,inf,inf,inf,inf,inf,inf,inf,inf,inf,inf,inf,inf,inf,inf,inf,inf,inf,inf,inf,inf,inf,inf,inf,inf,inf,inf,inf,inf,inf,inf,inf,inf,inf
inf,inf,inf,inf,inf,inf,inf,inf,inf,inf,inf,inf,inf,inf,inf,inf,inf,inf,inf,inf,inf,inf,inf,inf,inf,inf,inf,inf,inf,inf,inf,inf,inf,inf,inf,inf,inf,inf,inf,inf,inf,inf,inf,inf,inf,inf,inf,inf,inf,inf,inf,inf,inf,inf,inf,inf,inf,inf,inf,inf,inf,inf,inf,inf,inf,inf,inf,inf,inf,inf,inf,inf,inf,inf,inf,inf,inf,inf,inf,inf,inf,inf,inf,inf,inf,inf,inf,inf,inf,inf,inf,inf,inf,inf,inf,inf,inf,inf,inf,inf
inf,inf,inf,inf,inf,inf,inf,inf,inf,inf,inf,inf,inf,inf,inf,inf,inf,inf,inf,inf,inf,inf,inf,inf,inf,inf,inf,inf,inf,inf,inf,inf,inf,inf,inf,inf,inf,inf,inf,inf,inf,inf,inf,inf,inf,inf,inf,inf,inf,inf,inf,inf,inf,inf,inf,inf,inf,inf,inf,inf,inf,inf,inf,inf,inf,inf,inf,inf,inf,inf,inf,inf,inf,inf,inf,inf,inf,inf,inf,inf,inf,inf,inf,inf,inf,inf,inf,inf,inf,inf,inf,inf,inf,inf,inf,inf,inf,inf,inf,inf
